Date,Ville,Confirmé,Piste intentionnelle privilégiée,Département ,Région,Parquet ,Quels faits?,Enquête,Oreille coupée ?,Parties génitales ? ,Yeux enlevés ?,Chataigne enlevée ?,Vétérinaires ?,Contact,Source (Décla à CheckNews? Presse locale?),Lien vers une source,coordinates,context,,,,
01/09/2020,Val-Revermont,1,0,Ain,Auvergne Rhône-Alpes,Bourg en Bresse,Jument découverte avec l'extremité de la queue sectionnée et plusieurs coupures vulvaires. Elle se trouvait dans un champ isolé près du lieu-dit Cuisat et a survécu à ses blessures. ,"Enquête confiée à la gendarmerie de Bourg-en-Bresse. La piste accidentelle est retenue : la jument se serait blessée sur un arbre mort dans le champ.""Sur tous les signalements effectués dans le département ces dernières semaines, il n'y a aucun fait qui acrédite clairement la piste humaine"" répond la gendarmerie. Le procureur Christophe Rode confirme à CheckNews par mail : ""Après les investigations réalisées et à l’issue d’1 examen par 1 vétérinaire , il apparait que les blessures ont été causées par 1 arbre mort que le cheval a fait chuter en se frottant contre le tronc"".
",0,1,0,0,"Un premier vétérinaire avait conclu à la thèse intentionnelle, mais un expert vétérinaire sollicité en deuxième intention par les gendarmes a affirmé qu'il s'agissait d'un accident : la jument s'est blessée sur un arbre mort qui se trouvait dans le champ. Cette piste est privilégiée","A CheckNews, Gendarmerie de Bourg-en-Bresse : 04 74 45 97 00 / Christophe Rode, procureur de la République de Bour-en-Bresse         christophe.rode@justice.fr / 04.26.37.72.69",CheckNews/Le Parisien,https://www.leparisien.fr/faits-divers/finistere-suspicion-de-mutilation-sur-un-cheval-un-autre-aurait-ete-drogue-03-09-2020-8377776.php,"5.350556, 46.280292","Val-Revermont, 01, Ain, Auvergne-Rhône-Alpes",,,,
03/08/2020,Montalieu-Vercieu,1,0,Isère,Auvergne Rhône-Alpes ,Bourgoin-Jallieu,Un poney retrouvé avec le museau ficelé à 3km de son enclos auparavant démantelé.,"Enquête confiée à la gendarmerie du Tour-du-Pin. Décla à CheckNews : ""Ce fait n'a pas de rapport avec l'affaire des mutilations de chevaux en France. Ce serait l'oeuvre d'une bande de jeunes du coin"". Attente confirmation parquet",0,0,0,0,,"A CheckNews, Gendarmerie de la Tour du pin : 04 74 83 57 00",CheckNews/Reflexe Maltraitance ,"http://www.reflexmaltraitance.com/index.php/classifieds/for-sale/ad/france,6l/demantelement-du-parc-des-poney-a-la-vallee-bleue,279","5.40434, 45.815118","Montalieu-Vercieu, 38, Isère, Auvergne-Rhône-Alpes",,,,
26/04/2020,Hautecourt-Romanèche,1,0,Ain,Auvergne Rhône-Alpes ,Bourg en Bresse,"Un poney est retrouvé avec une plaie à la tête et une fracture à l'épaule droite dans la nuit du 26 au 27 avril, derrière la salle des fêtes de Hautecourt-Romanèche. Il a dû être euthanasié à la suite de ses blessures. La plainte a été classée sans suite, indique à CheckNews la gendarmerie de Bourg-en-Bresse : ""les investigations n'ont pas pu déterminer s'il y a eu intervention humaine ou non. Le vétérinaire a estimé que ces blessures pouvaient aussi avoir été occasionnées par un autre poney ou résulter d'une automutilation"". Le procureur Christophe Rode confirme : ""Dans le département il n’y a pas de mutilations d’origine humaine avérée mais les gendarmes restent vigilants.""",,0,0,0,0,,"A CheckNews, Gendarmerie de Bourg-en-Bresse : 04 74 45 97 00 / Christophe Rode, procureur de la République de Bour-en-Bresse         christophe.rode@justice.fr / 04.26.37.72.69",CheckNews/Le journal de Saône-et-Loire,https://www.lejsl.com/faits-divers-justice/2020/05/06/un-poney-frappe-et-lacere-dans-son-pre-a-du-etre-euthanasie,,,,,,
16/01/2020,Donzères,1,0,Drôme,Auvergne-Rhône-Alpes,Valence,"Trois chevaux sont retrouvés morts agonisants. D'abord deux dans la nuit du 16 au 17 janvier puis un autre dans la nuit du 18 au 19 janvier. Au départ, le vétérinaire croit à la foudre mais suspecte finalement un empoisonnement.  La propriétaire a fait faire, elle-même, avec l'aide de son ex-mari Eric Besson, les analyses toxicologiques : rien de concluant sur les 400 molécules testées. La plainte est finalement classée sans suite pour ""faute de preuves"", confirme la gendarmerie de Donzères à CheckNews. Le parquet ne souhaite pas faire de commentaire sur cette affaire. ",,0,0,0,0,,"A CheckNews, le Parquet/ la Gendarmerie de Donzères/ La propriétaire Sylvie Brunel, géographe, ex-femme d'Eric Besson. ""J'ai l'impression d'un déni de justice. La plainte a été classée. Je n'ai jamais su la raison. Les gendarmes ont fait ce qu'ils ont pu mais n'ont aucun moyen. J'ai dû faire faire moi-même avec l'aide du vétérinaire les analyses toxicologiques. Le laboratoire a analysé 400 molécules sans trouver celle responsable des trois empoisonnements. Je penche pour une vengeance soit qqun qui en veut à mon ex-mari Eric Besson, soit les défenseurs des loups puisque j'ai dénoncé la recrudescence de cet animal qqjours avant sur ARTE, soit les chasseurs car j'ai interdit ma propriété à la chasse"". Sylvie Brunel 06 43 87 31 78 / sylviebrunel26@wanadoo.fr",CheckNews/Le dauphiné,https://www.ledauphine.com/edition-drome-ardeche-sud/2020/01/20/un-3e-cheval-de-la-famille-d-eric-besson-est-mort,"4.715111, 44.436217","Donzère, 26, Drôme, Auvergne-Rhône-Alpes",,,,
25/05/2020,Malauzat ,1,0,Puy-de-Dôme,Auvergne-Rhône-Alpes,Clermont Ferrand,"Un cheval est retrouvé avec deux profondes lacérations sur le poitrail, une jument est blessée à l'épaule. Le portail du pré était ouvert, six chevaux, au total, erraient sur la voie publique. La propriétaire du centre équestre Emilie Tournaire confirme les faits à CheckNews. Elle indique avoir porté plainte maisignore si une enquête est en cours. Le parquet de Clermont-Ferrand, sollicité par CheckNews, n'a pas donné suite.",,0,0,0,0,Clinique à C Ferrand. Vétérinaire Charmetant,,La Montagne,https://www.lamontagne.fr/malauzat-63200/actualites/deux-chevaux-au-poitrail-lacere-a-malauzat-puy-de-dome-l-origine-de-ces-blessures-interroge_13795296/,,,,,,
01/09/2020,Busséol,1,0,Puy-de-Dôme,Auvergne-Rhône-Alpes,Clermont-Ferrand,"Une ponette du centre équestre de Combassat est retrouvée morte dans le pré avec l'oreille droite coupée, un oeil arraché et les parties génitales arrachées. Une autopsie a été réalisée, mais les résultats  ne sont pas encore tombés selon David Néri, le propriétaire. ",,1,1,1,0,,"David Néri le propriétaire confirme avoir retrouvé une ponette morte un oiel en moins, une oreille coupée, le bas ventre éventré. Mais ne peut pas exclure que des animaux aient causé des dégâts. ",,https://www.lamontagne.fr/busseol-63270/actualites/chevaux-mutiles-un-cas-suspect-dans-un-centre-equestre-a-busseol-puy-de-dome_13832949/,"3.2511, 45.6921",,,,,
26/05/2020,Massongy,1,0,Haute-Savoie,Auvergne-Rhône-Alpes,Thonon les bains,"Vingt chevaux sont retrouvés en train de divaguer sur la route. On soupçonne d'abord l'ouverture de l'enclos sans notion d'agression. Par la suite, le propriétaire découvre un poney avec une plaie au thorax. Il est prévu que les gendarmes entendent à nouveau le propriétaire, précise le procureur de Thon-les-Bains à CheckNews. ",,,,,,,,,,"6.326117, 46.324325","Massongy, 74, Haute-Savoie, Auvergne-Rhône-Alpes",,,,
11/09/2020,Grézolles,1,1,Loire ,Auvergne-Rhône-Alpes,Roanne,"Un cheval est retrouvé éventré, les ""viscères exposées"". Une enquête est ouverte selon le parquet de Roanne qui confirme à CheckNews la piste privilégiée d'une intervention humaine. ",,0,0,0,0,,Parquet de Thonon à CheckNews,Parquet à CheckNews,https://www.francebleu.fr/infos/faits-divers-justice/loire-un-cheval-retrouve-eventre-a-grezolles-l-attaque-humaine-confirmee-1599840451,"3.94875, 45.863389","Grézolles, 42, Loire, Auvergne-Rhône-Alpes",,,,
01/08/2020,Champagne,,,Ardeche,Auvergne-Rhône-Alpes,Privas,"Ane retrouvé mort, aurait fait une crise cardiaque après avoir été piqué par des bambous",,,,,,,,Facebook,https://www.facebook.com/layauteendirect/photos/impensablemessage-de-france-arnaud-il-faisait-la-joie-des-enfants-du-village-de-/620147722237156/,,,,,,
05/09/2020,Riom-ès-Montagnes,1,0,Cantal,Auvergne-Rhône-Alpes,Aurillac,"L'animal est retrouvé éventré. Ses mamelles sont coupées, ainsi que l'oreille droite. ""L'enquête suit son cours"" indique la substitut du procureur d'Aurillac à CheckNews.  ",,1,0,0,0,,"anne-claire.garraud@justice.fr , TGI Aurillac, 04.71.45.59.52",Proc à CheckNews,https://www.lamontagne.fr/riom-es-montagnes-15400/actualites/un-cheval-retrouve-mutile-a-riom-es-montagnes-cantal_13832868/,"2.659856, 45.285123","Riom-ès-Montagnes, 15, Cantal, Auvergne-Rhône-Alpes",,,,
11/09/2020,Charly,1,1,Rhône,Auvergne-Rhône-Alpes,Lyon,Cheval (pur sang anglais) retrouvé avec la mâchoire entaillée le 11/9 par des propriétaires de chevaux au centre équestre de Charly. Plaie de 3 à 4 centimètres. Il aurait perdu jusqu'à 3 litres de sang. Les propriétaires ont confié avoir vu plusieurs lampes allumées dans la nuit et entendu plusieurs équidés s'agiter. Plaie effectué sur la machoire de l'animal avec un objet tranchant. ,"Enquête ouverte. Le Maire de Charly, Olivier Araujo, confirme le cas dans une vidéo publiée sur le site de la ville. ""Après un entretien avec le Préfet, j'ai créée une cellule de crise dans laquelle participe les services de l'Etat, la Préfecture, le Minist. de l'agriculture, les forces de l'ordre et les élus""  ",0,0,0,0,"Selon Yann Botrel, élu à la Mairie de Charly, sur Lyon 1ère, ""la plaie a pu être suturée rapidement par le vétérinaire""",,BFMTVLyon/ Lyon Première,https://www.bfmtv.com/police-justice/rhone-un-cheval-blesse-a-la-machoire-a-charly_AN-202009120167.html / https://www.lyonpremiere.fr/cheval-mutile-a-charly-rhone-la-piste-criminelle-privilegiee/,"4.786059, 45.652443","Charly, 69, Rhône, Auvergne-Rhône-Alpes",,,,
10/09/2020,Pont-de-Beauvoisin,0,0,Savoie,Auvergne-Rhône-Alpes,Chambéry,"Gendarmerie de Pont-de-Beauvoisin à Checknews : ce cas ne s'est pas passé à Pont-de-Beauvoisin mais bien à Attignat-Oncin, la commune à côté. ",,0,0,0,0,,"A CheckNews, Gendarmerie de Pont-de-Beauvoisin 04 76 37 22 31",CheckNews/Le Dauphiné,https://c.ledauphine.com/faits-divers-justice/2020/09/10/le-pont-de-beauvoisin-des-animaux-ont-ils-ete-mutiles,"5.682586, 45.5332","Le Pont-de-Beauvoisin, 73, Savoie, Auvergne-Rhône-Alpes",,,,
10/09/2020,Attignat-Oncin,1,1,Savoie,Auvergne-Rhône-Alpes,Chambéry,"Cheval retrouvé avec une plaie à la patte, au même endroit que le veau mort retrouvé la veille avec une oreille coupée","Enquête confiée à la Brigade des recherches de Chambéry. ""Piste criminelle privilégiée"" selon la presse locale. En attente du Parquet et gendarmerie pour confirmation. ",0,0,0,0,,"A CheckNews, Gendarmerie de Pont-de-Beauvoisin 04 76 37 22 31",CheckNews,https://www.francebleu.fr/infos/faits-divers-justice/savoie-un-veau-retrouve-mort-l-oreille-coupee-a-attignat-oncin-les-gendarmes-enquetent-1599776014,"5.776093, 45.518168","Attignat-Oncin, 73, Savoie, Auvergne-Rhône-Alpes",,,,
29/08/2020,Droiturier,1,0,Allier,Auvergne-Rhône-Alpes,Cusset,"Une ponette de 23 ans est retrouvée avec une plaie sur le flanc gauche. Le procureur de Cusset confirme à CheckNews l'ouverture d'une enquête. Mais à ce stade des investigations, aucun élément ne permet de rattacher les faits à ceux des cas de mutilations confiés à l'OCLAESP, indique-t-il. ",,0,0,0,0,les gendarmes de la compagnie de Lapalisse ont ouvert une enquête,,Le parquet de Cusset à CheckNews,https://www.lamontagne.fr/droiturier-03120/actualites/un-cheval-cible-par-un-acte-de-mutilation-dans-une-prairie-de-droiturier-allier_13829251/,"3.706904, 46.226266","Droiturier, 03, Allier, Auvergne-Rhône-Alpes",,,,
24/08/2020,Villefranche-Saint-Phal,1,1,Yonne,Bourgogne - Franche-Comté,,"Nicolas Demajean, propriétaire d'un refuge, dit avoir surpris deux hommes dans sa propriété en train de s'en prendre à deux poneys et un cheval, légèrement blessés. Lui-même indique avoir reçu un coup de serpette sur le bras. Il a porté plainte et établi un portrait-robot avec l'aide des gendarmes. ",,0,0,0,,?,,20 minutes,https://www.20minutes.fr/faits_divers/2847735-20200827-yonne-deux-poneys-cheval-mutiles-president-refuge-agresse,"3.0750, 47.5622",,,,,
26/08/2020,Saint-Vallier,1,0,Saône-et-Loire,Bourgogne Franche Comté,Châlons-sur-Saône,"Une ponette de 14 mois est retrouvée morte dans son pré. L’animal a été mutilé, avec l’oreille droite coupée. Le crâne est explosé et une partie de son museau est tranchée. L’autopsie révèle aussi que le diaphragme de l’animal a été explosé, laissant penser qu’une ou des personnes auraient sauté dessus. Le procureur confirme l'ouverture d'une enquête à CheckNews.",Enquête confiée à la police de Montceau. Parquet à presse locale: « L’intervention humaine laisse peu de doutes. Tous les moyens de la police technique et scientifique sont employés pour tenter de retrouver le ou les auteurs de ces actes »,1,,,,,,Dauphiné. Parquet à CheckNews,https://www.ledauphine.com/faits-divers-justice/2020/08/26/une-ponette-atrocement-mutilee-a-saint-vallier-la-serie-noire-continue,"4.821703, 45.180661","Saint-Vallier, 26, Drôme, Auvergne-Rhône-Alpes",,,,
08/08/2020,Cortambert (Cluny),1,1,Saône-et-Loire,Bourgogne Franche Comté,,"Jean-Michel Martinot est propriétaire d’un élevage. Sollicité par Checknews, il confirme avoir retrouvé sa pouliche morte, des marques de strangulation autour du cou. «On pense qu’elle a été attrapée au lasso puis attachée à un arbre», dit-il. L’animal a été poignardé, énucléé, ses parties génitales retirées. Pour le vétérinaire qui a procédé aux constatations, le caractère intentionnel des mutilations ne fait aucun doute : « C’est sûr que c’est un humain qui a fait ça. Les blessures sont nettes et précises, faites au cutter ou au bistouri, en tout cas à l’arme blanche. Il n’y a pas 36 coups : on remarque une blessure sur la jugulaire qui n’a pas été tranchée, ça n’a pas saigné. Puis un coup au cœur, qui est perforé sur 30 centimètres. La vulve et une oreille sont enlevées. Effectivement on est habitués à voir des charognards faire cela, des renards souvent, mais on retrouve les empreintes de leur bouche. Les oreilles ou la vulve sont grignotées de part et d’autre. Là c’est tranché nettement au couteau. » Une plainte a été déposée, une enquête est en cours. ",,1,1,1,,"Décla à CheckNews: « C’est sûr que c’est un humain qui a fait ça. Les blessures sont nettes et précises, faites au cutter ou au bistouri, en tout cas à l’arme blanche. Il n’y a pas 36 coups : on remarque une blessure sur la jugulaire qui n’a pas été tranchée, ça n’a pas saigné. Puis un coup au cœur. Le cœur est perforé sur 30 centimètres, il part de sous le membre.  La vulve et une oreille sont enlevées. Effectivement on est habitués à voir des charognards faire cela, des renards souvent, mais on retrouve les empreintes de leur bouche. Les oreilles ou la vulve sont grignotées de part et d’autre. Là c’est tranché nettement au couteau. »",,Propriétaire + véto à ChecNews,https://france3-regions.francetvinfo.fr/bourgogne-franche-comte/saone-et-loire/saone-loire-oreille-coupee-organes-arraches-nouvelle-pouliche-retrouvee-mutilee-1861836.html,"4.70692, 46.46499","Cortambert, 71, Saône-et-Loire, Bourgogne-Franche-Comté",,,,
24/08/2020,Courlans,1,1,Jura,Bourgogne Franche Comté,Lons le Saunier,"La jument, mutilée, a survécu à ses blessures. Le procureur de Lons-le-Saunier parle d'une ""attaque"" qui ne fait aucun doute. Il évoque un mode opératoire similaire à ce qui s'est déroulé dans les villages de Leschères et Ranchette. Une source proche du dossier à CheckNews évoque des lacérations nettes à l'intérieur du vagin.",,0,1,0,0,,,CheckNews/ Parquet,https://www.leprogres.fr/faits-divers-justice/2020/08/25/chevaux-mutiles-une-nouvelle-attaque-a-courlans,"5.485256, 46.676473","Courlans, 39, Jura, Bourgogne-Franche-Comté",,,,
30/08/2020,Buffard,1,0,Doubs,Bourgogne Franche Comté,Besançon ,"Ce cas relève d'une indigestion anormale. Une propriétaire a vu sa jument s'effondrer devant elle, prise de coliques. Dans son pré a été retrouvé rempli un seau à ras bord de nourriture. Le parquet de Besançon indique à CheckNews qu'une enquête a été ouverte mais qu'après examen vétérinaire, la piste de l'intervention humaine n'a pas été retenue. ",,0,0,0,0,Le vétérniaire au parquet de Besançon : pas d'intervention humaine.,,Le parquet de Besançon à CheckNews,https://www.estrepublicain.fr/faits-divers-justice/2020/09/01/mort-suspecte-d-une-jument-a-buffard-les-gendarmes-menent-l-enquete,"5.823037, 47.039843","Buffard, 25, Doubs, Bourgogne-Franche-Comté",,,,
30/08/2020,Mirebel,1,0,Jura,Bourgogne Franche-Comté,Lons-le-Saunier,"Un poulain est mutilé au niveau du jarret gauche. Selon Le Progrès, il présente ""quatre profondes entailles"". Une plainte a été déposée, le parquet de Lons le Saunier a ouvert une enquête. Il confirme à CheckNews qu'aucune piste n'est privilégiée. ""Les lésions constatées peuvent avoir des origines diverses, y compris l'action volontaire d'un agresseur.""",,0,0,0,0,?,Le procureur à CheckNews,France Bleu - Le Progrès,https://www.francebleu.fr/infos/faits-divers-justice/un-nouveau-cas-de-cheval-mutile-dans-le-jura-a-mirebel-1598826332,"6.5666, 45.3968",,,,,
07/09/2020,Rochejean ,1,0,Doubs ,Bourgogne Franche-Comté,Besançon ,"Une jument est blessée au flanc et présente une cicatrice de dixcentimètres. La gendarmerie a ouvert une enquête. Le parquet de Besançon confirme indique que les blessures «n'apparaissent pas imputables à une intervention humaine, après examen vétérinaire». ",,0,0,0,0,"Selon le parquet, le vétérinaire rejette la thèse de l'intervention humaine.",,Parquet de Besançon à CheckNews. ,https://www.estrepublicain.fr/faits-divers-justice/2020/09/07/un-cheval-grievement-blesse-a-rochejean-une-enquete-ouverte-chevaux-mutiles-haut-doubs,"6.290425, 46.744789","Rochejean, 25, Doubs, Bourgogne-Franche-Comté",,,,
13/08/2020,Thoiria,1,1,Jura,Bourgogne Franche-Comté,Lons le Saunier,"Une jument est retrouvée morte, un oeil retiré, une châtaigne - sorte d'excroissance sur la jambre des chevaux - en moins. . Selon les premières conclusions de l'autopsie, l'animal aurait été assommé. Une plainte a été déposée, le parquet de Lons-le-Saunier confirme qu'une enquête est en cours.",,0,0,1,,?,,Parquet Lons Le Saunier à CheckNews ,https://www.francebleu.fr/infos/faits-divers-justice/une-jument-retrouvee-morte-et-mutilee-dans-le-jura-un-cas-de-plus-dans-la-serie-noire-des-chevaux-1597616010,"5.730497, 46.529109","Thoiria, 39, Jura, Bourgogne-Franche-Comté",,,,
23/08/2020,Leschères,1,1,Jura,Bourgogne Franche-Comté,Lons le Saunier,Une jument a subi de graves mutilations vaginales. Le parquet de Lons-le-Saunier confirme l'ouverture d'une enquête. ,,0,1,0,,?,,Parquet Lons Le Saunier à CheckNews ,https://www.leprogres.fr/faits-divers-justice/2020/08/24/chevaux-mutiles-deux-nouvelles-juments-attaquees-dans-le-haut-jura,"5.831855, 46.457317","Leschères, 39, Jura, Bourgogne-Franche-Comté",,,,
23/08/2020,Ranchette,1,1,Jura,Bourgogne Franche-Comté,Lons le Saunier,Jument a subi des mutilations au niveau des parties génitales. Une enquête est ouverte pour «actes de cruauté sur un animal domestique».,,0,1,0,,?,,Parquet de Lons Le Saunier à CheckNews. ,https://letrois.info/actualites/deux-nouveaux-cas-de-juments-mutilees-dans-le-jura/,"5.8074, 46.3558",,,,,
24/08/2020,Saint-Fargeau,,,Yonne,Bourgogne-France-Comté,Auxerre,Nous avons retrouvés devant le prés de nos chevaux ce matin 2 cochons chinois lardés de coup de couteau. ,,,,,,,,,,"3.088731, 47.650564","Saint-Fargeau, 89, Yonne, Bourgogne-Franche-Comté",,,,
27/08/2020,Saint-Eusebe,1,0,Saône-et-Loire,Bourgogne-Franche-Comté,Chalon sur saone,"Une jument est blessée à l'oreille. Le parquet de Châlon-sur-Saône confirme à CheckNews être en charge d'une enquête mais indique qu'au vu des éléments actuels, il n'est pas possible de confirmer l'intentionnalité des faits. ",,,,,,,,Parquet de Châlon sur Saône à CheckNews. ,https://www.lejsl.com/faits-divers-justice/2020/08/27/encore-un-cheval-a-l-oreille-coupee,"4.434271, 46.732303","Saint-Eusèbe, 71, Saône-et-Loire, Bourgogne-Franche-Comté",,,,
02/09/2020,Saint-Tugdual ,1,1,Morbihan,Bretagne,Lorient,"Une jument est retrouvée mutilée et tuée. Une oreille est coupée et son appareil génital a été entaillé. Le procureur de Lorient confirme à CheckNews: «Cette exécution d’équidé est la première du genre, récemment, dans le département du Morbihan, mais semble s’inscrire dans la continuité d’infractions semblables, commises depuis plusieurs mois, sur le territoire national.» Le Parquet de Lorient a saisi la brigade de recherches de gendarmerie de Pontivy et réquistionné un vétérinaire spécialisé. 
",,1,1,0,0,,,Procuereur à CheckNews,https://france3-regions.francetvinfo.fr/bretagne/morbihan/morbihan-jument-mutilee-tuee-saint-tugdual-1868758.html  ,"3.3393, 48.0997",,,,,
01/09,Paule/Keroullaire,0,0,Côtes-d’Armor,Bretagne,Saint-Brieuc,Cheval retrouvé sédaté/ Drône,"La mairie, contactée, indique qu'il s'agit d'une fausse information. ""Nous avons vu avec le propriétaire et il ne s'est rien passé. Il n'y a eu aucun fait de cette nature sur notre commune.""",0,0,0,0,? ,Mairie de Paule : 02 96 29 64 09,Le télégramme,https://www.letelegramme.fr/cotes-darmor/paule/un-cheval-retrouve-sedate-a-paule-02-09-2020-12608958.php,"-3.467588, 48.235711","Paule, 22, Côtes-d'Armor, Bretagne",,,,
01/09/2020,Ergué-Gabéric,1,0,Finistère,Bretagne,Quimper,"Un cheval est retrouvé avec des plaies sur l’aine et une autre jument retrouvée endormie. Il s'agit d'un cas de ""sédation présumée"" confirme à CheckNews le parquet de Quimper, saisi des faits. Une enquête ets ouverte afin de détermine si la blessure relève d'un acte intentionnel.",,0,0,0,,?,,Ouest France,https://www.ouest-france.fr/bretagne/quimper-29000/finistere-suspicion-de-mutilations-sur-deux-chevaux-pres-de-quimper-6958837,"-4.014078, 48.010878","Ergué-Gabéric, 29, Finistère, Bretagne",,,,
05/09/2020,Bobital,,,Côte d'Armor,Bretagne,Saint-Brieuc,Tentative d'intrusion aux écuries de l'Orcherais (Olivier Brehier lancé),,,,,,,Olivier Brehier : 06 73 90 03 64 (appeler mardi),,,"-2.09776, 48.41349","Bobital, 22, Côtes-d'Armor, Bretagne",,,,
2-3/09,Plouër-sur-Rance,,,Côte d’Armor,Bretagne,Saint-Brieuc,Jument entaillée au niveau du postérieur ,Plainte déposée ,,,,,?,,Ouest France,https://www.ouest-france.fr/bretagne/plouer-sur-rance-22490/cotes-d-armor-un-cas-de-cheval-mutile-a-plouer-sur-rance-6961987 ,"-2.005509, 48.525147","Plouër-sur-Rance, 22, Côtes-d'Armor, Bretagne",,,,
19/08,Buhulien,,,Côte d'Armor,Bretagne,Saint-Brieuc,Cheval entailles au niveau des oreilles,Plainte déposée ,,,,,?,,Ouest France,https://www.ouest-france.fr/bretagne/lannion-22300/bretagne-un-nouveau-cas-de-cheval-mutile-dans-les-cotes-d-armor-6942233 ,,,,,,
23/08/2020,Bourbriac,1,0,Côte d'Armor,Bretagne,Saint-Brieuc,"Un cheval est blessé à l’abdomen. Selon le vétérinaire qui a effectué les constatations,""les plaies rencontrées ne correspondent pas aux plaies décrites sur les autres animaux"" dans le cadre de cette série d'actes. ",plainte déposée,0,0,0,,,,Ouest France,https://www.ouest-france.fr/bretagne/bourbriac-22390/chevaux-agresses-une-nouvelle-attaque-a-bourbriac-dans-la-nuit-de-dimanche-a-lundi-6947653 ,"-3.186969, 48.474561","Bourbriac, 22, Côtes-d'Armor, Bretagne",,,,
26/08,Trégor,,,Côte d'Armor,Bretagne,Saint-Brieuc,Cheval mutilé à l'oreille droite,,,,,,Constat d'utilisation d'un scalpel ou d'un couteau,,Le Télégramme,https://www.letelegramme.fr/dossiers/mysterieuse-serie-de-chevaux-mutiles/exclusif-un-nouveau-cheval-mutile-dans-le-tregor-video-26-08-2020-12604342.php,,,,,,
27/08/2020,Bannalec,1,,Finistère,Bretagne,Quimper,"Une jument est mutilée au niveau du poitrail. Un crochet est enfoncé dans son œil. Une plainte a été déposée pour ""actes de cruautés envers deux équidés"". Le ârquet de Quimper confirme l'ouverture de l'enquête.",,,,,,?,,Ouest France,https://www.ouest-france.fr/bretagne/bannalec-29380/bannalec-deux-chevaux-atrocement-mutiles-6951275  ,"-3.705184, 47.940823","Bannalec, 29, Finistère, Bretagne",,,,
30/08/2020,Miniac-sous-Bécherel,1,1,Ille-et-Vilaine,Bretagne,Rennes,"Un cheval est blessé à la bouche, au sabot et présente trois entailles à l'arrière-train. La brigade de gendarmerie de Hédé Bazouges est saisie de l'enquête. Le parquet de Rennes confirme à CheckNews que la piste intentionnelle est privilégiée. ",,,,,,,,France 3 Bretagne, https://france3-regions.francetvinfo.fr/bretagne/miniac-becherel-cheval-victime-sevices-graves-proprietaires-chevaux-tension-1867942.html ,"-1.934089, 48.284434","Miniac-sous-Bécherel, 35, Ille-et-Vilaine, Bretagne",,,,
17/08/2020,Plouzelambre,1,,Côtes-d'Armor,Bretagne,Saint-Brieuc,"Un cheval est retrouvé mort égorgé. «Un coup de couteau, fatal, lui a été porté au niveau de la jugulaire», indique le capitaine Souillard, de la compagnie de gendarmerie de Lannion à Ouest-France. Les faits sont confirmés par la gendarmerie à CheckNews mais les propriétaires ne souhaitent plus s'exprimer, s'estimant ""harcelés"" par la presse à ce sujet. ",,0,0,0,,Enquête ouverte gendarmerie,,Ouest france,https://www.ouest-france.fr/bretagne/plouzelambre-22420/un-cheval-egorge-dans-un-champ-de-plouzelambre-6941115,"-3.536987, 48.646673","Plouzélambre, 22, Côtes-d'Armor, Bretagne",,,,
20/08/2020,Trélévern,0,,Côtes-d'Armor,Bretagne,Saint-Brieuc,Cheval a tourné en vain toute la nuit. Retrouvé mort.,,,,,,,,,,"-3.380887, 48.801619","Trélévern, 22, Côtes-d'Armor, Bretagne",,,,
30/08/2020,Sizun,0,,Finistère,Bretagne,Brest,"Suspicion d attaque déjouée. Pick up blanc suspect, modèle de véhicule identifié sur une précédente attaque. Plusieurs personnes à bord, véhicule garé à l entrée du champ de notre cheval et de ses compagnons de pâture, découvert et mis en fuite par un voisin qui faisait des rondes, un grand merci à lui ! Un autre véhicule suspect - Peugeot rouge vieux modèle, vu au même endroit il y a 2 jours, peut-être en repérage.)",,,,,,,,,,"-4.093707, 48.407106","Sizun, 29, Finistère, Bretagne",,,,
06/09/2020,Louargat,0,,Côtes-d'Armor,Bretagne ,Saint-Brieuc,Jument mutilée morte,,1,1,0,,,,,,"-3.359976, 48.540415","Louargat, 22, Côtes-d'Armor, Bretagne",,,,
04/03/2020,Neuvy en Sullias,1,0,Loiret,Centre - Val de Loire,Orléans,"Un poney est poignardé à la jugulaire et a reçu plusieurs coups dans le ventre. Une plainte a été déposée, les gendarmes privilégient la piste criminelle selon France Bleu. ",,0,0,0,,?,,France Bleu,https://www.francebleu.fr/infos/faits-divers-justice/un-cheval-poignarde-a-mort-a-neuvy-en-sullias-une-enquete-ouverte-1583420425,"2.249098, 47.797584","Neuvy-en-Sullias, 45, Loiret, Centre-Val de Loire",,,,
02/09/2020,Chatillon-Sur-Indre,1,0,Indre,Centre - Val de Loire,Châtauroux,Un cheval est grièvement blessé et présente une entaille profonde. Une enquête a été ouverte par le parquet de Châteauroux selon France Bleu. ,,,,,,?,,France Bleu Berry,https://www.francebleu.fr/infos/faits-divers-justice/chevaux-mutiles-un-premier-cas-offciellement-recense-dans-l-indre-1599074386,"1.169905, 46.989635","Châtillon-sur-Indre, 36, Indre, Centre-Val de Loire",,,,
23/08/2020,Morancez,1,1,Eure-et-Loir,Centre - Val de Loire,Chartres,"Une jument a été grièvement blessée aux jambes avant. Une blessure très profonde a notamment été relevée au niveau d’un genou. L'enquête a été confiée aux gendarmes de Thivars en collaboration avec les policiers de Dreux qui travaillent sur l’affaire de Sainte-Gemme-Moronval. A CheckNews, la gendarmerie confirme : ""Au début, ce cas était équivoque. Finalement, la piste de blessures volontaires d'origine humaine reste envisagée.""",,0,0,0,,Pas contacté,,Gendarmerie de Thivas à CheckNews ,https://www.lechorepublicain.fr/morancez-28630/actualites/une-autre-jument-attaquee-en-eure-et-loir_13828686/,"1.491519, 48.405004","Morancez, 28, Eure-et-Loir, Centre-Val de Loire",,,,
28-29/08/2020,Durtal,,,Maine-et-Loire,Centre Val de Loire,,Jument retrouvée mutilée dans son enclos. Elle avait une entaille longue de 15 à 20 centimètres au niveau de son encolure. ,Enquête ouverte et l'information a été remontée à l’Office central de lutte contre les atteintes à l’environnement et à la santé publique.,,,,,?,,Ouest France,https://www.ouest-france.fr/pays-de-la-loire/angers-49000/maine-et-loire-une-jument-retrouvee-mutilee-dans-son-enclos-pres-de-durtal-6953031,"-0.22714, 47.673059","Durtal, 49, Maine-et-Loire, Pays de la Loire",,,,
23/08/2020,Sainte-Gemme-Moronval,1,,Eure-et-Loir,Centre-Val de Loire ,,Une jument a été profondément lacérée au poitrail. Elle a survécu à ses blessures confirme le propriétaire à CheckNews. Les policiers de Dreux sont saisis de l'enquête. ,,0,0,0,,Clinique des Perdreaux 01 34 76 60 60,,Propriétaire à CheckNews , https://france3-regions.francetvinfo.fr/centre-val-de-loire/eure-et-loir/dreux/eure-loir-jument-mutilee-pre-son-proprietaire-pres-dreux-1865688.html,"1.407742, 48.736007","Sainte-Gemme-Moronval, 28, Eure-et-Loir, Centre-Val de Loire",,,,
2020-09-06,Le Puy,Gironde,Nouvelle-Aquitaine,Bordeaux,Cheval ayant subit une injection,,NON,Non,Non,?,reflexmaltraitrance.com,,"http://reflexmaltraitance.com/index.php/ad/cheval-sedate,415",,,,,,,,,
20/06/2020,Vauchassis,1,0,Aube,Grand Est,Troyes,"Une jument est retrouvée ouverte entre les deux oreilles ""comme si elle avait pris un coup de hache. On voyait la boîte cranienne"", indique le propriétaire à CheckNews. Le vétérinaire qui a procédé aux constatations croit plutôt à un accident : ""Elle avait un scalp au niveau du front, pour moi elle a essayé de retiré quelque chose de pointu.""",parquet de Troyes à lancer. Le propriétaire n'a pas porté plainte immédiatement. Il a porté plainte il y a quinze jours à la gendarmerie d'Estissac. ,0,0,0,,,,"Antoine Fèvre, propriétaire. ",,"3.930214, 48.203639","Vauchassis, 10, Aube, Grand Est",,,,
24-25/07,Grandpré,,,Ardennes,Grand Est,Charleville Mézières,Cheval trouvé avec une blessure de 35 cm à la cuisse droite,Enquête des gendarmes en cours,,,,,?,,"Ouest-France (proprios, ""trop profond pour accident"")",https://www.ouest-france.fr/grand-est/ardennes/ardennes-encore-un-cheval-retrouve-mutile-une-plaie-beante-a-la-cuisse-6919923,"4.84848, 49.339808","Grandpré, 08, Ardennes, Grand Est",,,,
12/02/2020,Chateau-Salins,1,,Moselle,Grand Est,,Le cheval du lycée professionnel de Val de Seille a été retrouvé mort et mutilé. L'établissement confirme les faits à CheckNews sans s'étendre sur les détails. Une enquête a été ouverte à la gendarmerie.,,1,0,0,,,,,https://www.ouest-france.fr/grand-est/chateau-salins-57170/moselle-un-cheval-decouvert-mort-et-mutile-dans-un-lycee-agricole-de-chateau-salins-6736933,"6.501129, 48.820755","Château-Salins, 57, Moselle, Grand Est",,,,
07/07/2020,Vroncourt,,,Meurthe-et-Moselle,Grand Est,,"« Flipper » présentait deux plaies importantes compatibles avec une arme blanche de type cutter ou couteau, selon le vétérinaire venu constater les blessures. Une première, de 8 cm de long au niveau de l’encolure et une seconde, de 14 cm, sur le postérieur droit.",,,,,,,,Est Rep,https://www.estrepublicain.fr/faits-divers-justice/2020/07/07/cheval-blesse-a-l-arme-blanche,"6.084102, 48.467183","Vroncourt, 54, Meurthe-et-Moselle, Grand Est",,,,
08/07,Cilly,,,Aisne,Hauts-de-France,Laon,poulain lacéré au niveau des pattes avant,plainte déposée à la gendarmerie de Marle,,,,,,,L'union,https://abonne.lunion.fr/id176873/article/2020-07-17/un-poulain-lacere-dans-un-champ-de-cilly,"3.846392, 49.74645","Cilly, 02, Aisne, Hauts-de-France",,,,
22/04/2020,Quierzy sur Oise,1,1,Aisne,Hauts-de-France,Soissons,"Une pouliche est retrouvée morte égorgée, deux autres équidés sont blessés : l'un à la tête, l'autre à la hanche. Une plainte a été déposée. La gendarmerie scientifique confirme l’utilisation d’une arme tranchante. ",,oui post-mortem,0,0,,?,,Propriétaire à CheckNews ,https://www.aisnenouvelle.fr/id82596/article/2020-04-24/une-pouliche-retrouvee-egorgee-avec-une-oreille-coupee-quierzy-sur-oise,"3.144652, 49.571","Quierzy, 02, Aisne, Hauts-de-France",,,,
13/08/2020,Pommereuil,1,0,Nord,Hauts-De-France,Cambrai ,"Un cheval a été découvert avec une coupure sous l’œil et dans le nez. Une plainte a été déposée. Le procureur indique que l'enquête a été classée sans suite car elle n'a pas permis d'identifier un éventuel auteur, le 3 septembre 2020. La propriétaire attribuait ces faits à une blessure volontaire. ",,0,0,0,0,?,Parquet de Cambrai à CheckNews. Enquête classée sans suite. ,France Bleu,https://www.francebleu.fr/infos/faits-divers-justice/nord-un-premier-cas-de-mutilation-de-chevaux-dans-l-avesnois-1599229849,"3.58762, 50.11062",,,,,
11/09/2020,Noordpeene,1,0,Nord,Hauts-de-France,Dunkerque,Une jument est mutilée au niveau de la vulve. La plaie est profonde mais ses jours ne sont pas en danger. Une partie du grillage du pré a visiblement été affaissé. L'enquête est confiée à la gendarmerie d'Hazebrouck. Le procureur de Dunkerque indique à Checknews que les investigations n'ont pas permis de déterminer si la cause des blessures est humaine ou non. ,,0,1,0,,,,VDN ,https://www.lavoixdunord.fr/864262/article/2020-09-12/noordpeene-une-jument-retrouvee-mutilee-dans-une-pature,"2.36406, 50.795505","Noordpeene, 59, Nord, Hauts-de-France",,,,
20-21/08,Preux-Aux-Bois,,,Nord,Hauts-De-France,Avesnes-sur-Helpe,"Deux chevaux blessés, l’un d’une longue entaille et l’autre d’une perforation profonde (et un avec oeil crevé 1 mois plus tôt)",Plainte déposée à la gendarmerie de Landrecies,,,,,?,,"La VDN (Rémy Maréchal, proprio de 2 des chevaux et du champ, ""Ça m’étonnerait qu’un animal ait pu faire ça"" en parlant d'un trou dans la cloture) + France Bleu",https://www.lavoixdunord.fr/860175/article/2020-09-04/preux-au-bois-mi-aout-il-retrouve-ses-chevaux-blesses-dans-son-champ https://www.francebleu.fr/infos/faits-divers-justice/nord-un-premier-cas-de-mutilation-de-chevaux-dans-l-avesnois-1599229849,"3.658219, 50.167029","Preux-au-Bois, 59, Nord, Hauts-de-France",,,,
15/09/2020,Apremont (Chantily),,,Oise,Hauts-de-France,,Jument lacérée de plusieurs coups de couteau au niveau de la vulve,Plainte déposée et enquête en cours,,,,,,,Le Parisien,https://www.leparisien.fr/oise-60/une-jument-du-polo-club-de-chantilly-a-ete-mutilee-15-09-2020-8385186.php,,,,,,
19/07/2020,Plailly,,,Oise,Hauts-de-France,,"Cheval retrouvé dix jours après sa disparition dans un sous-bois, avec un œil crevé, une plaie à la jugulaire, des traces de brûlures et ses organes génitaux ainsi que son oreille gauche prélevés.",,,,,,,"Proprio : Mireille Didier, éleveuse",,https://www.parismatch.com/Actu/Faits-divers/Chevaux-mutiles-et-tues-Psychose-sur-les-haras-1699467 ou https://www.leparisien.fr/oise-60/chevaux-mutiles-dans-l-oise-derriere-cette-cruaute-il-y-a-de-la-premeditation-07-09-2020-8380368.php,,,,,,
13/09/2020,Margny-su-Matz,,,Oise,Hauts-de-France,,"Jument pourchassée sans succès, anesse avec la queue coupée, scène filmée",Une plainte a été déposée à la gendarmerie d'Estrées-Saint-Denis. Une enquête est en cours. ,,,,,,,,https://www.leparisien.fr/oise-60/une-anesse-mutilee-dans-l-oise-14-09-2020-8384583.php,,,,,,
10/06,le Chemin de Marquion,,,Pas-de-Calais,Hauts-de-France,,drogue administrée à un cheval,?,,,,,?,,Propriétaire,,,,,,,
29 juillet 2020,Écourt-Saint-Quentin,,,Pas-de-Calais ,Hauts-de-France,,"Tentative de vol, cheval retrouvé drogué",,,,,,,,,,"3.076241, 50.254129","Écourt-Saint-Quentin, 62, Pas-de-Calais, Hauts-de-France",,,,
06/09/2020,Thiembronne,,,Pas-de-Calais,Hauts-de-France,,,,,,,,,,VDN ,https://www.lavoixdunord.fr/862242/article/2020-09-08/un-cheval-mutile-thiembronne,"2.079068, 50.63093","Thiembronne, 62, Pas-de-Calais, Hauts-de-France",,,,
24/07/2020,Nouvion-en-Ponthieu,1,,Somme ,Hauts-De-France,Amiens,"Une jument est retrouvée mutilée à la tête, la gendarmerie prévenue par le maire de la commune. Une enquête a été ouverte par le parquet d'Amiens, confirme-t-on à CheckNews.",,0,0,0,,?,parquet Amiens ,"Le Journal d'Abbeville (proprio, ""Attention surveillez vos animaux ou les pâturages près de chez vous""",https://actu.fr/hauts-de-france/nouvion_80598/nouvion-en-ponthieu-une-jument-mutilee-a-la-tete_35165854.html,"1.71000, 50.19087",,,,,
02/02/2020,Quend,1,,Somme ,Hauts-De-France,Amiens,"Un cheval est découvert mort, une oreille coupée. Le parquet d'Amiens est saisi, la brigade de Péronne est chargée des recherches. Des investigations techniques et scientifiques sont engagées.",,,,,,"Selon la radio locale, citant les premières conclusions de l'autopsie, la jument de 24 ans aurait été assommée",,"L'Express (Alexandre De Bosschère, procureur d'Amiens,parle des 3 enquêtes ""regroupées sous l'autorité d'un seul enquêteur pour pouvoir étudier tous les rapprochements possibles""",https://www.lexpress.fr/actualite/societe/mysterieuse-serie-de-mutilations-de-chevaux-ces-derniers-mois-en-france_2133152.html,"1.602494, 50.321124","Quend, 80, Somme, Hauts-de-France",,,,
14/05/2020,Berny-En-Santerre,1,,Somme,Hauts-de-France,Amiens,Une jument de deux ans retrouvée morte dans sa pâture. Une plainte a été déposée par la propriétaire ,,1,0,0,,,,Courrier Picard + gendarmerie à CheckNews ,https://picavenir.courrier-picard.fr/id85872/article/2020-05-14/apres-la-decouverte-dune-pouliche-egorgee-avec-une-oreille-coupee-quierzy-sur,"2.844643, 49.865753","Berny-en-Santerre, 80, Somme, Hauts-de-France",,,,
17/05/2020,Berny-En-Santerre,1,,Somme,Hauts-de-France,Amiens,Une ponette tuée dans cette même pension à Berny-en-Santerre.,,1,0,0,,?,,Gendarmerie à CheckNews ,https://france3-regions.francetvinfo.fr/bourgogne-franche-comte/apres-attaques-chevaux-saone-loire-jura-loire-enquete-compliquee-1863890.html,"2.844643, 49.865753","Berny-en-Santerre, 80, Somme, Hauts-de-France",,,,
14/07,Esmery-Hallon,,,Somme,Hauts-de-France,Amiens,Jument mordue par au moins un chien mais présentant plusieurs blessures. Enclos abîmé et cailloux retrouvés dans le champ. ,,,,,,?,,Courrier Picard,https://premium.courrier-picard.fr/id115733/article/2020-07-16/esmery-hallon-cara-une-jument-de-3-ans-ete-blessee-dans-son-champs,"3.015406, 49.704027","Esmery-Hallon, 80, Somme, Hauts-de-France",,,,
04/09,Neuville en Corbie,,,Somme,Hauts-de-France,,poulain entaillé après avoir reçu des coups,plainte déposé,,,,,?,,Courrier Picard,https://www.courrier-picard.fr/id125063/article/2020-09-05/un-poulain-de-deux-mois-entaille-sous-loreille-corbie,,,,,,
28/07,Albert,,,Somme,Hauts-de-France,Amiens,cheval retrouvé couvert de plaies et d’hématomes,?,,,,,?,,Propriétaire,,"2.653296, 50.002491","Albert, 80, Somme, Hauts-de-France",,,,
04/09/2020,Corbie,,,Somme,Hauts-de-France,Amiens,Poulain retrouvé avec entaille au niveau de l'oreille,,,,,,Propriétaire évoque un acte de violence gratuit/ Gendarmes n'écartent pas piste d'un accident.,,F3 régions,https://france3-regions.francetvinfo.fr/hauts-de-france/carte-hauts-france-dizaine-chevaux-ont-ete-tues-blesses-mois-mai-1870134.html,"2.497904, 49.915998","Corbie, 80, Somme, Hauts-de-France",,,,
18/04/2020,Varescourt,1,,Aisne,Hauts-de-France,Amiens,Cas non médiatisé mais enquête ouverte par parquet. Blessure sur un cheval. ,"Enquête ouverte. Confiée à la brigade de recherches de Péronne, sous autorité du parquet d'Amiens. Investigations techniques et scientifiques engagées. ",,,,,,Parquet à CheckNews. ,,,,,,,,
16/01/2020,La Celle sur Morin,1,1,Seine-et-Marne,IDF,Meaux,"Un cheval est retrouvé avec un hematome dans le rectum. Laureline Peyrefitte, la procureure de Meaux, confirme qu’une enquête a été diligentée par la compagnie de gendarmerie de Coulommiers. Elle précise : ""Je vous confirme que les lésions laissaient penser à l’introduction d’n objet dans l’anus. L’enquête n’a pas permis de retrouver son auteur. Bien évidemment, les autres affaires commises ultérieurement sur le territoire français laissent concevoir l’hypothèse d’un lien, mais il n’y a, pour l’heure, pas eu de rapprochement possible avec cette affaire.""",,0,,0,0,"Ne souhaite pas répondre ""secret médical""",Parquet + Groupement de gendarmerie départemental Seine et Marne à Checknews,Actu.fr,https://actu.fr/ile-de-france/la-celle-sur-morin_77063/seine-marne-celle-sur-morin-cheval-grievement-blesse-rectum-par-inconnus_30851309.html,"2.96808, 48.806202","La Celle-sur-Morin, 77, Seine-et-Marne, Île-de-France",,,,
26/05/2020,Omerville,0,0,Val-d'Oise,IDF,Cergy,Chevaux blessés (sans plus de précision),"Le groupement gendarmerie départementale du Vald’Oise n'a"" pas entendu parler de cette agression"". La mairie d'Omerville n'a ""pas d'information"". ",,,,,,,,,"1.718898, 49.140155","Omerville, 95, Val-d'Oise, Île-de-France",,,,
05/09/2020,Grisy-les-Plâtres,1,1,Val-d'Oise,IDF,Pontoise,"Deux juments ont été mutilées. L'une a été entaillée au cutter au niveau du flanc, sur une trentaine de centimètres, l’autre a eu la vulve partiellement sectionnée. Le parquet de Pontoise confirme qu’une enquête est en cours et précise les faits : ""La nuit du 4 au 5 septembre une jument a présenté une plaie au niveau de la vulve. le vétérinaire qui est intervenu constate que la blessure pourrait  «probablement » avoir  été faite avec une lame tranchante. Une autre jument a subi une lacération de 20 cm au niveau du flanc arrière gauche. le vétérinaire conclut à une blessure causée par une lame tranchante. L’enquête est confiée à la Section de Recherches de la Gendarmerie Nationale de  Versailles. Eu égard à la nature des blessures constatées la piste humaine est privilégiée."" 
", ,,,,,Le Dr Staumont confirme que c'est bien son cabinet BSM ÉQUINE VET qui est intervenu.,,Actu.fr,https://actu.fr/ile-de-france/grisy-les-platres_95287/chevaux-mutiles-trois-victimes-averees-et-psychose-ambiante-dans-le-val-d-oise_35952455.html,"2.051084, 49.130048","Grisy-les-Plâtres, 95, Val-d'Oise, Île-de-France",,,,
02/08/2020,Saint-Germain-lès-Arpajon,1,,Essonne,IDF,Evry,"Un poney a été retrouvé mort égorgé, comportant de nombreuses plaies et une oreille coupée confirme à CheckNews un proche du propriétaire. Le parquet d'Evry confirme qu'une enquête est en cours. ",,1,0,0,,,,Raoul Nardin à CheckNews + Le parquet d'Evry a confirmé à CheckNews l'ouverture d'une enquête. ,"https://actu.fr/ile-de-france/saint-germain-les-arpajon_91552/essonne-un-poney-retrouve-mort-egorge-a-saint-germain-les-arpajon_35383243.html#:~:text=Le%202%20ao%C3%BBt%202020%2C%20un,ces%20derniers%20mois%20en%20France.","2.26567, 48.598863","Saint-Germain-lès-Arpajon, 91, Essonne, Île-de-France",,,,
24/08/2020,Chevreuse,,,Yvelines ,IDF,Versailles,Jument a reçu un ou deux coups de couteau,,,,,,,,Actu.fr,https://actu.fr/faits-divers/chevaux-mutiles-trois-cas-averes-dans-les-yvelines_35860034.html,"2.034232, 48.706936","Chevreuse, 78, Yvelines, Île-de-France",,,,
26/08/2020,Forges-les-bains,1,0,Essonne,IDF,Evry,"Des rumeurs rapportent qu'un poney aurait été attaqué dans un champs et les agresseurs mis en fuite. Le parquet d'Evry indique à CheckNews que dans son secteur, une seule enquête est ouverte (pour des faits commis à Saint-Germain-lès-Arpajon) : ""Une plainte a bien été déposée pour cette attaque mais les lésions étaient dues à un grillage. Aucune intervention humaine.""",,0,0,0,0,,Parquetà Checknews,Le Parisien,https://www.leparisien.fr/info-paris-ile-de-france-oise/chevaux-mutiles-la-psychose-gagne-l-ile-de-france-et-l-oise-29-08-2020-8375121.php,"2.080158, 48.616024","Forges-les-Bains, 91, Essonne, Île-de-France",,,,
01/04/2020,Magny les Hameaux,,,Yvelines ,Île-de-France,Versailles,une ponette est morte après avoir eu l’oreille coupée. ,,,,,,,,Actu.fr,https://actu.fr/faits-divers/chevaux-mutiles-trois-cas-averes-dans-les-yvelines_35860034.html,"2.0588, 48.735318","Magny-les-Hameaux, 78, Yvelines, Île-de-France",,,,
2020-09-13,Belfonds,Orne,Normandie,Argentan,"Le foal, un mâle de quatre mois, présente une blessure à la tête mais également une entaille près du rectum, une coupure que le jeune équidé n’a, a priori, pas pu se faire tout seul.",Oui,0,1,0,?,Ouest France,,https://www.ouest-france.fr/societe/maltraitance-animale/chevaux-mutiles/normandie-poulain-mutile-la-piste-volontaire-confirmee-6972952?utm_source=twitter&utm_medium=social&utm_campaign=rss_to_twitter,,,,,,,,,
11/08,Bailly en Rivières,,,Seine-Maritime,Normandie,,"Deux chevaux retrouvés blessés à la tête. Nuit du 11 août 2020 : À Bailly-en-Rivière, près de Dieppe deux chevaux sont retrouvés blessés au niveau du crâne. Examinés par un vétérinaire, leur état n’est pas jugé préoccupant. (actu.fr)","Pour les faits commis sur la circonscription du parquet de Dieppe, les enquêtes sont confiées aux gendarmes de la brigade de recherche (BR) de Neufchâtel-en-Bray",,,,,?,,"Paris-Normandie (procureur, ""C’est plus simple ainsi, d’autant plus que la BR est en lien avec l’Office central de lutte contre les atteintes à l’environnement et à la santé publique (Oclaesp). Cet office est en contact avec d’autres services d’enquête saisis de faits similaires, en Picardie notamment"")",https://www.paris-normandie.fr/actualites/faits-divers/des-equides-massacres-en-normandie-leurs-proprietaires-sur-le-qui-vive-AP17180527 https://actu.fr/normandie/dieppe_76217/les-agressions-de-chevaux-se-sont-multipliees-pres-de-dieppe_35650996.html,"1.385487, 49.897958","Bailly-en-Rivière, 76, Seine-Maritime, Normandie",,,,
06/06,Martin-Eglise,,,Seine-Maritime,Normandie,,"Jument de 16 ans retrouvée agonisante par sa propriétaire Pauline Sarrazin (morte par la suite) Oreille droite coupée et la tête ""déchiquetée""","Plainte et enquête, procureur de la République de Dieppe. Les forces de l’ordre ont demandé à la propriétaire de fournir les photos des blessures de la jument ainsi qu’une attestation de son vétérinaire pour que Pauline Sarrazin puisse porter plainte.

",1,0,0,,"Selon un vétérinaire, les traces constatées sur les naseaux laissent supposer qu'un tord-nez, un instrument avec lequel on serre le nez des équidés pour les immobiliser, a été utilisé",,Actu.fr,https://actu.fr/normandie/martin-eglise_76414/elle-retrouve-sa-jument-massacree-dans-un-champ-pres-de-dieppe_34481917.html,"1.138011, 49.901748","Martin-Église, 76, Seine-Maritime, Normandie",,,,
"""Mi-juin""",Lammerville,,,Seine-Maritime,Normandie,,"Poulain « Jador your life » retrouvé avec une entaille entre l’épaule et le poitrail, mais sauvé (50 points de suture).  Sa mort aurait pu être une grosse perte pour le propriétaire : Ce poulain vient d’une grande lignée. ""Ces gars-là sont des gens qui connaissent les chevaux. Mon poulain c’est un lion pour l’approcher c’est difficile. Ils les approchent facilement.""",Plainte déposée par l'éleveur des chevaux de sport Alain Comalada,,,,,?,,"France Bleu (Alain Comalada, éleveur de chevaux de sport, ""Ce sont des actes gratuits, ce n'est pas une secte mais ce sont des gens malintentionnés. C'est scandaleux ! Ces gars-là sont des gens qui connaissent les chevaux. Mon poulain c'est un lion pour l'approcher c'est difficile. Ils les approchent facilement"")",https://www.francebleu.fr/infos/faits-divers-justice/c-est-scandaleux-en-seine-maritime-sept-chevaux-tues-ou-mutiles-dans-la-region-de-dieppe-1598021776,"0.971439, 49.793818","Lammerville, 76, Seine-Maritime, Normandie",,,,
04/09/2020,Barenton,1,1,Manche,Normandie,Coutances,"Au Haras des Buissonnières, deux poulinières ont été blessées à l'arme blanche dans la nuit du 3 au 4 septembre. Leurs entailles seraient de 70 centimètres. Les blessures ont été constatées par les propriétaires lors d'une ronde dans un champ situé près de Barenton. ",Enquête ouverte par les gendarmes de Mortain épaulés par les hommes de la section de recherches de Caen et la brigade de recherches d’Avranches. Le procureur de Coutances a confirmé ces faits par mail. ,,,,,"""Le vétérinaire que nous avons appelé a passé deux heures sur chaque plaie à recoudre."" ","Cyril Lacombe
procureur de la République
tribunal judiciaire de Coutances",Procureur à Checknews + La Manche Libre / Ouest France / Actu.fr / France 3 Régions / France Bleu,https://www.lamanchelibre.fr/actualite-904680-manche-une-premiere-agression-de-chevaux-dans-le-departement,"-0.844348, 48.606927","Barenton, 50, Manche, Normandie",,,,
03/09/2020,Flers,,,Orne,Normandie,,"Tentative d'attaque sur des chevaux. ""“Heureusement, la chienne de mes parents a aboyé et les a mis en fuite. Mais ils venaient pour ça. Ils venaient pour les agresser ! Ils avaient déjà enlevé les masques anti-mouches sur les chevaux.” explique le propriétaire.",Les gendarmes sont venus constater les faits mais aucune plainte n'a été déposée,,,,,Pas de blessures donc pas de vétérinaire,,Actu.fr,https://actu.fr/normandie/flers_61169/equides-agresses-pres-de-flers-une-tentative-d-attaque-sur-des-chevaux_35907667.html,,,,,,
04/09/2020,Deauville,1,1,Calvados,Normandie,Lisieux ,"2 chevaux retrouvés lacérés au poney club de Deauville. Le commandant Max Saint-Jean en charge de l'enquête confirme ces faits mais dit les chevaux n'ont pas été scalpés contrairement à ce qui a été écrit dans la presse locale. Les oreilles ont été prélevées, les coupes sont franches, faites avec une lame ou un cutter. Chevaux du poney club, pas des chevaux de valeur (comme dit dans l'article). Soignés par un vétérinaire. ","Enquête ouverte par la gendarmerie de Deauville,chevaux lacérés au niveau des oreilles, coupes franches avec une lame, un cutter ou un ciseau. Premier cas de mutilation avéré",1,,,,Les chevaux ont été soignés par un vétérinaire ,"Commandant Max Saint Jean, commissariat de Deauville ",Commandant à Checknews / Actu.fr,https://actu.fr/normandie/deauville_14220/attaque-de-chevaux-dans-un-haras-pres-de-deauville_35934904.html,"0.075986, 49.354198","Deauville, 14, Calvados, Normandie",,,,
19/07/2020,"Val-de-Scie, Cressy ",,,Seine-Maritime,Normandie,,"Cheval de 14 ans trouvé avec une entaille de ""40 à 50 cm de long"" (selon proprio) jusqu’à l’os au niveau du postérieur gauche.  J’ai compté 37 point de sutures et ils ont pas tout suturer. J’ai retrouvé deux autres taches de sang et une giclée de sang sur l’arbre dans le pré, on a retrouvé des crins sur la branche et des coups de sabots dans le tronc. Les clotures n'ont pas été abimées.   Bérengère Legemble",Plainte déposée à la gendarmerie de Totes. Les gendarmes sont venus sur place. ,,,,,Selon le vétérinaire les faits sont survenus tôt le matin ou tard la nuit. Clinique de livet et à côté de livarot.,,"https://actu.fr/normandie/val-de-scie_76034/seine-maritime-elle-cree-une-cagnotte-apres-l-agression-de-son-cheval_35607770.html (propriétaire du cheval, ""il a été emmené en clinique vétérinaire. Il a été opéré puis recousu. Il est resté en observation pendant une semaine avant de pouvoir rentrer"") propriétaire nom facebook : Bérangère Pierre Timéo, la propriétaire a lancé une cagnotte pour payer les frais véto : https://cagnotte.me/47271-aider-nous-a-sauver-sioux/fr",,"1.166949, 49.724686","Val-de-Scie, 76, Seine-Maritime, Normandie",,,,
19/06,Grumesnil,1,,Seine-Maritime,Normandie,,"Ane mort, un oeil crevé et une oreille coupée (les 8 autres n'ont rien)","Plainte déposée à la gendarmerie de Gournay-en-Bray, une enquête est en cours",1,0,1,,Aucune constatation ni autopsie,,Propriétaire à CheckNews,,"1.702803, 49.606914","Grumesnil, 76, Seine-Maritime, Normandie",,,,
26/07/2020,Bourth,0,,Eure,Normandie,Evreux ,"Jument agressée sur Bourth, poumon perforé sur 50 cm, côtes cassées, n’a pas survécu",La procureure Dominique PUECHMAILLE a confirmé par mail qu'elle n'avait pas de plainte pour ces faits sur le mois de juillet dans l'Eure. ,,,,,,,Procureur à Checknews + La Manche Libre / Ouest France / Actu.fr / France 3 Régions / France Bleu,,"0.809559, 48.764517","Bourth, 27, Eure, Normandie",,,,
09/07/2020,Criquetot-sur-Longueville,,,Seine-Maritime,Normandie,,"Cimona, la jument de Véronique de la Brélie est retrouvée au petit matin gisant dans un fossé. La jument est en vie mais sa mâchoire a été brisée.",,,,,,Cimona a dû subir trois opérations,,Actu.fr,https://actu.fr/normandie/dieppe_76217/les-agressions-de-chevaux-se-sont-multipliees-pres-de-dieppe_35650996.html,"1.07215, 49.782945","Criquetot-sur-Longueville, 76, Seine-Maritime, Normandie",,,,
24/08/2020,Les aspres,,,Orne,Normandie,,"2 individus mis en fuite par un propriétaire, ils avaient eu le temps de mettre un licol à son cheval.",,,,,,,,,,"0.596113, 48.683512","Les Aspres, 61, Orne, Normandie",,,,
24/08/2020,Buré,,,Orne,Normandie,,Un cheval a été retrouvé blessé au niveau de la gorge. C'est le premier cas de mutilation animale dans le département. ,"Le propriétaire de l’animal, un professionnel du monde du cheval, a déposé plainte.
La brigade de gendarmerie de Mortagne-au-Perche s’est saisie de l’enquête. ""Au vu de la blessure, ce n’est pas possible que ce soit un accident. Une enquête est en cours au niveau local et national.""",,,,,,,/ Actu.fr,https://actu.fr/normandie/bure_61066/dans-l-orne-un-cheval-retrouve-blesse-a-la-gorge-a-bure_35840627.html,"0.609534, 48.412231","Belforêt-en-Perche, 61, Orne, Normandie",,,,
28/08/2020,Beaumont-le-Roger,1,0,Eure,Normandie,Evreux ,un cheval a été retrouvé les membres inférieurs écorchés à Beaumont-le-Roger dans l’Eure. Des blessures qui laissent penser à des actes de cruauté,Le propriétaire a déposé une plainte pour sévices et actes de cruauté envers un animal. L’enquête a été confiée à la gendarmerie départementale.La procureure Dominique PUECHMAILLE confirme les faits par mail. ,,,,,,,Procureur (mail) à Checknews + Ouest France,https://www.ouest-france.fr/normandie/evreux-27000/dans-l-eure-un-cheval-retrouve-les-jambes-ecorchees-6957257,"0.755197, 49.064346","Beaumont-le-Roger, 27, Eure, Normandie",,,,
09/09/2020,Fécamp,,,Seine-Maritime,Normandie ,,"Jument entaille au niveau de la vulve. Levis, une jument âgée de 20 ans, a été retrouvée le matin avec plusieurs plaies, à la patte et à la vulve. L'animal était en gestation. ""La jument avait du sang sur le postérieur, explique Steven, son propriétaire. En remontant un peu plus haut, on s'est aperçus qu'elle était entaillée nettement et que ça saignait aussi de l'intérieur."" Des plaies qui ne peuvent avoir été causées que par un humain, selon lui.",,0,1,0,,,,France Bleu ,https://www.francebleu.fr/infos/faits-divers-justice/fecamp-une-jument-retrouvee-mutilee-1599751296,"0.367476, 49.747214","Fécamp, 76, Seine-Maritime, Normandie",,,,
29/05/2020,Meursac,1,0,Charente-Maritime,Nouvelle Aquitaine,Saintes,Deux chevaux blessés.,"Source parquet : pour faire suite au mail ci-dessous que vous nous avez adressé sur d’éventuels faits de mutilations de chevaux à Meursac sur notre ressort, j’ai pris attache avec la brigade locale pour vérifier vos informations.
Ils ont effectivement recueilli un signalement d’une propriétaire de deux chevaux échappés de leur enclos et retrouvés deux jours après.
Cette personne s’est présentée un mois après la fugue des chevaux auprès de leur brigade, sans qu’elle ne puisse apporter aucun élément, notamment vétérinaire, corroborant l’éventuelle intervention d’un tiers.
Elle a juste signalé une situation surprenante selon elle sur la fugue des équidés, mais qui ne paraît pas relever de la maltraitance animale et aucune enquête n’est ouverte à ce titre.  ",,,,,,,Checknews,https://www.sudouest.fr/2020/09/05/agression-de-juments-dans-le-departement-7809199-1238.php,"-0.832625, 45.637984","Meursac, 17, Charente-Maritime, Nouvelle-Aquitaine",,,,
25/08/2020,lubersac,0,0,Corrèze ,nouvelle aquitaine,Brive-la-Gaillarde 05 87 49 32 21,Source internaute : acte de malveillance / fil de fer enroulé autour de l'un des chevaux,"Sources proc : pas d'enquête à ce jour dans toute la Corrèze, y compris dans le secteur de Lubersac",,,,,"Contacté par Checknews, n'est pas au courant, ça ne leur dit rien",,Checknews,https://france3-regions.francetvinfo.fr/nouvelle-aquitaine/haute-vienne/haute-vienne-jument-mutilee-arnac-poste-premier-cas-limousin-1868930.html,"1.403017, 45.449552","Lubersac, 19, Corrèze, Nouvelle-Aquitaine",,,,
24/08/2020,Saint-Aubin-de Baubigné,1,1,Deux-Sèvres,Nouvelle Aquitaine,Niort,"Décla proc à Checknews : plaie étendue au niveau de la tête, naseau droit et l'oreille droite sectionnée à sa base, nécessairement faite avec un objet tranchant. Animal retrouvé en état de décomposition (il faisait très chaud), et présentant de nombreuses autres plaies, dont il est difficile de déterminer si elles sont anté ou post-mortem","Déclaration proc à Checknews : enquête ouverte le 24 août et confiée à la gendarmerie. Intervention humaine certaine, car plaie due à un objet tranchant. ",1,0,0,0,"Corps confié à l'école vétérinaire de Maison-Alfort, spécialisée dans les nécropsies",,Checknews,https://www.ouest-france.fr/nouvelle-aquitaine/mauleon-79700/mauleon-deux-sevres-une-jument-retrouvee-mutilee-et-morte-da9205c6-e61c-11ea-b3a6-0a1d702da276,,,,,,
au cours de l'été,"Escaudes. checknews==> Captieux, me rappelle demain en principe, ou je les rappelle",,,Gironde,nouvelle aquitaine,"Bordeaux => 05 47 33 95 36 Laure Vuitton, vice procureure","cheval mutilé les blessures ont lieu au niveau du flanc, des oreilles et de la lèvre mais aussi sur les parties génitales.",?,,,,,,,actu.fr,https://actu.fr/nouvelle-aquitaine/escaudes_33155/gironde-mutilations-de-chevaux-un-cas-a-escaudes-et-des-personnes-suspectes-aux-ecuries-de-baurech_35847713.html,"-0.207748, 44.31686","Escaudes, 33, Gironde, Nouvelle-Aquitaine",,,,
03/09/2020,villenave-de-rions ==> rappeler compagnie : 05 57 98 12 60 (14h15),,,Gironde,nouvelle aquitaine,Bordeaux,un cheval a été touché par deux coups de couteau,Enquête ouverte ,,,,,Checknews : Possiblement Dr De Jardin,05 56 67 07 30,france bleu ,https://www.francebleu.fr/infos/faits-divers-justice/gironde-un-premier-cas-de-cheval-mutile-a-villenave-de-rions-1599156072,"-0.339938, 44.688799","Villenave-de-Rions, 33, Gironde, Nouvelle-Aquitaine",,,,
20/08/2020,saugon ,,,Gironde,Nouvelle Aquitaine,Bordeaux,"Poulain trouvé avec corde en strangulation autour du cou.il avait autour du cou une ficelle à ballot serrée très fortement attachée par un nœud coulissant et tournée plusieurs fois autour de son cou Poulain prématuré de 6 mois, trouvé avec corde en strangulation autour du cou.il avait autour du cou une ficelle à ballot serrée très fortement attachée par un nœud coulissant et tournée plusieurs fois autour de son cou",,,,,,,,Reflexmaltraitrance.com,"http://www.reflexmaltraitance.com/index.php/classifieds/for-sale/ad/france,6l/tentative-de-strangulation-d-un-poulain,308","-0.496187, 45.180235","Saugon, 33, Gironde, Nouvelle-Aquitaine",,,,
25/08/2020,Le Pontet-Etaulier,,,Gironde,Nouvelle-Aquitaine,Bordeaux,tentative d'etranglement d'un cheval avec son licol,,,,,,,,Reflexmaltraitrance.com,"http://reflexmaltraitance.com/index.php/classifieds/for-sale/ad/france,6l/tentative-d-etranglement-d-un-cheval,268","-0.573525, 45.223101","Étauliers, 33, Gironde, Nouvelle-Aquitaine",,,,
02/09,Arnac-la-poste Appeler groupement de gendarmerie de Haute Vienne,,,Haute-Vienne,nouvelle aquitaine,Limoges,"Cheval mort, retrouvé mutilé sur tout le corps. Aurait été mutilé aux oreilles et aux yeux.",Sources secrétariat du proc à Checknews : pas de communication à ce stade. Enquête confiée à l'institut de recherche criminel. ,,,,,,,Le Populaire + https://france3-regions.francetvinfo.fr/nouvelle-aquitaine/haute-vienne/haute-vienne-jument-mutilee-arnac-poste-premier-cas-limousin-1868930.html,https://www.lepopulaire.fr/arnac-la-poste-87160/actualites/un-cheval-retrouve-mutile-a-arnac-la-poste-en-haute-vienne_13831535/#refresh,"1.368725, 46.23457","Arnac-la-Poste, 87, Haute-Vienne, Nouvelle-Aquitaine",,,,
22/08/2020,Saint geours de maremne ,1,0,Landes,nouvelle aquitaine,Dax,"""appareil génital explosé"" et des ""plaies à l'entrée et une énorme à l'intérieur""","Sources proc :enquête ouverte, mais pas de plainte.  Une éleveuse remarque une dilatation anormale de la vulve d'une jument. La vétérinaire qui est intervenue n'a aucune certitude quant à une intervention humaine. ",0,1,0,,"Collègue du docteur Icéaga, mais ne veut pas parler...",05 58 97 52 00,Checknews,https://www.sudouest.fr/2020/09/02/on-n-en-dort-plus-la-nuit-une-autre-jument-victime-7800447-10417.php,"-1.23621, 43.684421","Saint-Geours-de-Maremne, 40, Landes, Nouvelle-Aquitaine",,,,
28/08/2020,brassempouy montfort en chalosse (brassempouy en réalité),1,0,Landes,nouvelle aquitaine,Dax,"témoignage propriétaire dans Sud Ouest : « Ma jument de 18 ans avait des ‘‘pètes’’ partout. À l’intérieur des jambes, sur le ventre, sur le poitrail… » Pas de coups de couteau, mais des plaies qui saignent et d’énormes hématomes. « J’ai vu qu’elle avait du sang sous la queue. La vétérinaire m’a dit qu’un objet cylindrique lui avait été inséré dans la vulve. Comme elle ne trouvait pas d’autres explications, elle a conclu que c’était l’autre cheval qui avait dû lui faire cela, mais nous n’y croyons pas. »","Sources proc : enquête en cours ouverte par les gendarmes pour actes de cruauté envers animaux. Pénétration vaginale et annale. Plainte déposée. Le procureur Rodolphe Jarry : ""C'est compliqué d'être tout a fait affirmatif, ce qu'on peut dire, c'est que le second cheval est castré, ça ne peut pas être le fait d'une saillie de l'autre cheval."" Il a aussi une plaie sur le flanc mais là encore, difficile de conclure, cela peut avoir eu lieu avant ou après les faits.",0,1,0,,"C'est pas nous : Sud Ouest ==> Vétérinaire d'Amou/Arnou « On n’a pas retrouvé de plaie à l’arme blanche, comme c’est le cas dans les autres signalements en France. Des anti-inflammatoires et des antibiotiques ont été prescrits à la jument, mais les plaies sont plutôt compatibles avec une saillie du mâle. »",,Checknews,https://www.sudouest.fr/2020/09/02/on-n-en-dort-plus-la-nuit-une-autre-jument-victime-7800447-10417.php,"-0.697308, 43.631465","Montfort-en-Chalosse, 40, Landes, Nouvelle-Aquitaine",,,,
28/08/2020,"montfort en chalosse (même affaire que celle du dessus, c'est un doublon qui figure sur la carte)",0,0,Landes,Nouvelle Aquitaine,Dax, une jument victime d'actes de cruauté,Plainte déposée auprès des services de police,0,1,0,,?,,Checknews,https://france3-regions.francetvinfo.fr/nouvelle-aquitaine/landes/mutilation-chevaux-landes-plusieurs-cas-suspects-plainte-ete-deposee-1869158.html,"-0.838468, 43.707767 -0.697308, 43.631465","Brassempouy, 40, Landes, Nouvelle-Aquitaine",,,,
25/08/2020,Urcuit,1,1,Pyrénées-Atlantiques,nouvelle aquitaine,Bayonne,Source Ouest France : poney découvert avec plaie de 10 cm ,"Décla parquet à Checknews : En réponse à votre demande, je vous confirme que les investigations se poursuivent dans le cadre d'une enquête confiée à la gendarmerie de Bayonne, en lien avec l'office central de lutte contre les atteintes à l'environnement et à la santé publique (OCLAESP). La piste humaine est très clairement privilégiée.Source Ouest France : dépôt plainte du propriétaire à la gendarmerie de bayonne ",0,0,0,0,,,Checknews,https://www.ouest-france.fr/nouvelle-aquitaine/urcuit-64990/un-poney-blesse-dans-les-pyrenees-atlantiques-un-acte-de-barbarie-soupconne-6950062,"-1.331105, 43.501414","Urcuit, 64, Pyrénées-Atlantiques, Nouvelle-Aquitaine",,,,
27/08/2020,Pau ,1,1,Pyrénées-Atlantiques,Nouvelle Aquitaine,Pau,"Source France 3 : un poney des écuries Linagua, appelé Mikado, a été retrouvé avec une plaie à une cuisse provoquée par une arme blanche. Et jeudi matin, c’est une ponette baptisée Lulu, propriété du club de poneys de la ferme Saint-Joseph de Pau, qui a été lardée de coups de lame et aspergée de peinture rose, notamment sur le museau.","Source Checknews : la procureure de la République confirme qu'une enquête a été ouverte pour ces faits. Source france 3 : Les policiers, venue faire les premières constatations, remettent cet acte dans le contexte actuel d'agressions et tortures, parfois jusqu'à la mise à mort, d'équidés. Pour autant, les similitudes s'arrêtent là car, ailleurs, les animaux subissent en général une découpe d'une oreille ou des yeux ainsi que les parties génitales.",0,0,0,0,Source France 3 : un vétérinaire est venu pour expertiser et soigner les blessures,,Checknews et France 3,https://france3-regions.francetvinfo.fr/nouvelle-aquitaine/pyrenees-atlantiques/pau/pau-encore-poney-retrouve-mutile-fondation-brigitte-bardot-se-porte-partie-civile-1867068.html,"-0.368696, 43.294989","Pau, 64, Pyrénées-Atlantiques, Nouvelle-Aquitaine",,,,
03/08/2020,Lubersac,0,0,Corrèze ,Nouvelle-Aquitaine,Brive-la-Gaillarde,Source internaute : Cheval retrouvé avec du fil de fer volontairement enroulé autour de lui. L'animal n'a pas été mutilé,"(Doublon avec au dessus) Sources proc : pas d'enquête à ce jour dans toute la Corrèze, y compris dans le secteur de Lubersac",,,,,,,Checknews,https://france3-regions.francetvinfo.fr/nouvelle-aquitaine/haute-vienne/haute-vienne-jument-mutilee-arnac-poste-premier-cas-limousin-1868930.html,"1.403017, 45.449552","Lubersac, 19, Corrèze, Nouvelle-Aquitaine",,,,
22/06/2020,Basses,,,Vienne ,Nouvelle-Aquitaine,Poitiers,"Freddy Green, 5 ans, retrouvé mort, la carotide percée.",,,,,,,,,,,,,,,
24/08/2020,Vouneuil sur Vienne,,,Vienne ,Nouvelle-Aquitaine,Poitiers,Etalon retrouvé blessé/ Aucune précision.,,,,,,,,NUMERO DE TEL : https://www.facebook.com/groups/640296089362399/permalink/2390089074383083,,"0.530372, 46.719322","Vouneuil-sur-Vienne, 86, Vienne, Nouvelle-Aquitaine",,,,
02/09/2020,Garrevaques,1,1,Tarn,occitanie,Castres,une jument grièvement blessée sous l'oeil," ""Nous avons procédé à des investigations dans le champ. Or aucun objet n'est susceptible d'avoir provoqué une telle blessure, explique-t-on à la gendarmerie de Castres. Ni même les autres chevaux qui ne sont pas ferrés. Il s'agit de blessures profondes de plusieurs centimètres de large située sous l'oeil"". Contactée par Checknews, la gendarmerie du Cahors déclare que l'enquête se poursuit et que la piste d'un acte malveillant est toujours suivie."" ",0,0,0,0,?,,Gendarmerie à Checknews ,France 3 région https://france3-regions.francetvinfo.fr/occitanie/tarn/albi/tarn-enquete-ouverte-apres-mutilation-jument-garrevaques-1869848.html,"1.989167, 43.491983","Garrevaques, 81, Tarn, Occitanie",,,,
18/07/2020,realville,,,Tarn-et-Garonne,occitanie,Montauban ,un âne albinos tondu par des inconnus et une petite entaille sous l'oeil ,dépôt de plainte du propriétaire ,0,0,0,0,?,,midi libre,https://www.midilibre.fr/2020/07/22/occitanie-qui-en-veut-a-lane-albinos-pompon-retrouve-dans-son-pre-tondu-8989975.php,"1.513377, 44.137128","Réalville, 82, Tarn-et-Garonne, Occitanie",,,,
14-15/01/2020,gragnague,0,,Haute-Garonne,occitanie,Toulouse,chevaux entravés avec des cordes ,,,,,,,,,,,,,,,
05/06/2020,Ortaffa,,,Pyrénées-Orientales,Occitanie,Perpignan,Tentative de vol de chevaux avec cordes et noeud coulant. La jument libérée de sa corde restera avec un oedeme énorme.,,,,,,,,,,"2.922167, 42.576182","Ortaffa, 66, Pyrénées-Orientales, Occitanie",,,,
06/09/2020,Frouzins,1,1,Haute-Garonne,Occitanie,Toulouse,Une jument en pension est retrouvée avec une plaie au niveau de l'envolure droite. «Le plaie est superficielle mais le caractère rectiligne de celle-ci pose question» indique le procureur de Toulouse à CheckNews. ,La propriétaire porte plainte le 11 septembre. Le procureur confirme l'ouverture d'une enquête et la piste intentionnelle. ,0,0,0,0,"Le parquet : «Le vétérinaire, présent sur les lieux, dit que le cheval ne peut pas s'être fait ça tout seul» ",,Le parquet de Toulouse à CheckNews.,,"1.3216, 43.5147",,,,,
10/09/2020,Belbèze-de-Lauragais,1,1,Haute-Garonne,Occitanie,Toulouse,"Un propriétaire a constaté une plaie peu profonde et régulière au niveau du cou, mesurant 40 cm. Elle est en voie de cicatrisation. Comportement anormal la veille au moment du repas. ",Le parquet de Toulouse confirme les faits à CheckNews. Piste intentionnelle privilégiée.,0,0,0,0,,,Parquet de Toulouse à CheckNews. ,,"1.555499, 43.437472","Belbèze-de-Lauragais, 31, Haute-Garonne, Occitanie",,,,
11/09/2020,Saiguède,0,,Haute-Garonne,Occitanie,Toulouse,,,,,,,,,,,,,,,,
05/09/2020,Saint-Etienne de Tulmont,,,Tarn-et-Garonne,Occitanie,Montauban,,,,,,,,,,,"1.459722, 44.046924","Saint-Étienne-de-Tulmont, 82, Tarn-et-Garonne, Occitanie",,,,
12/09/2020,Narbonne,1,1,Aude,Occitanie,Narbonne,Cheval retrouvé éventré sur la rocade de Narbonne. Premier et seul cas à Narbonne ,Procureur de Narbonne confirme à CheckNews. Piste intentionnelle privilégiée. Investigations en cours. ,0,0,0,0,,,Parquet de Narbonne à CheckNews ,https://www.ladepeche.fr/2020/09/15/chevaux-mutiles-incomprehension-et-colere-dans-les-centres-equestres-9071188.php,"3.034085, 43.172093","Narbonne, 11, Aude, Occitanie",,,,
04/08/2020,,,,Tarn,Occitanie,,Cheval retrouvé avec un entaille longue et profonde sur le côté,,,,,,,,,,,,,,,
07/09/2020,Albias,,,Tarn-et-Garonne,Occitanie ,Montauban ,,,,,,,,,,,"1.479806, 44.072204","Albias, 82, Tarn-et-Garonne, Occitanie",,,,
10/09/2020,Saint-mars-du-Désert/ INTROUVABLE,,,Loire-Atlantique,Pays de la loire,Nantes,,,,,,,,,,,"-1.40334, 47.35856","Saint-Mars-du-Désert, 44, Loire-Atlantique, Pays de la Loire",,,,
02/09/2020,Couëron ,,,Loire-Atlantique,Pays de la Loire,Nantes,"Cheval retrouvé mutilé, blessures au niveau du postérieur, de la tête. Propriétaire parle de blessures au cutter. Le chval avait déjà été mitilé en aout. ",Enquête ouverte après constatation des faits par les gendarmes,,,,,Vétérinaire a constaté les coupures,,Ouest France,https://www.ouest-france.fr/pays-de-la-loire/loire-atlantique/loire-atlantique-un-cheval-a-ete-lacere-a-coueron-6957731,"-1.736102, 47.229657","Couëron, 44, Loire-Atlantique, Pays de la Loire",,,,
27/04/2020,Saint-Herblain,,,Loire-Atlantique,Pays de la Loire,Saint-Nazaire,Tentative de vol de chevaux au Poney-club du Houssay. Une jument a été retrouvée blessée au poitrail et aux jambes sur un parking à l’entrée du parc de la Chézine.,Plainte déposée auprès des services de police,,,,,Des soins vétérinaires ont été apportés à l'animal,,Ouest France,https://www.ouest-france.fr/pays-de-la-loire/saint-herblain-44800/saint-herblain-tentative-de-vols-de-chevaux-au-poney-club-de-la-houssay-6820106,"-1.606205, 47.223488","Saint-Herblain, 44, Loire-Atlantique, Pays de la Loire",,,,
22/08/2020,Brecé,,,Mayenne,Pays de la Loire,Laval ,Jument retrouvée avec une plaie ouverte profonde au niveau du flanc.,"Plainte déposée auprès de la gendarmerie et une enquête est en cours, instruite par le parquet de Laval ",,,,,"Vétérinaire de Javron-les-Chapelles. ""une plaie si profonde et si nette, qui traverse le cuir et rentre dans l’abdomen, ce n’est pas un accident""",,Actu.fr / Ouest France,https://actu.fr/pays-de-la-loire/brece_53042/brece-une-jument-poignardee-dans-un-champ_35700000.html,"-0.738872, 48.374231","Brecé, 53, Mayenne, Pays de la Loire",,,,
29/08/2020,Montreuil-Poulay,,,Mayenne,Pays de la Loire,Laval ,Un cheval retrouvé mort dans une pature/ Rien de plus.,,,,,,,,Journal de Montreuil,https://www.lejournaldemontreuil.fr/93431/article/2020-08-29/neuville-un-cheval-retrouve-mort-dans-une-pature,"-0.519561, 48.377158","Montreuil-Poulay, 53, Mayenne, Pays de la Loire",,,,
15/02/2020,Le Girouard,1,,Vendée,Pays de la Loire,Les Sables d'Olonne,Cheval retrouvé mort avec oreille coupée.,Plainte et enquête. ,1,0,0,,Pas contacté,,Confirmé à CheckNews lors de la première enquête. Ouest France,https://www.ouest-france.fr/pays-de-la-loire/le-girouard-85150/le-girouard-un-cheval-de-course-retrouve-sans-vie-et-mutile-6740907,"-1.599936, 46.571995","Le Girouard, 85, Vendée, Pays de la Loire",,,,
07/09/2020,La Ferriere,,,Vendée,Pays de la Loire,La Roche-sur-Yon,Ponette tuée par strangulation,"Une enquête a été ouverte pour ""atteinte et acte de cruauté envers un animal"".",,,,,,,AFP,https://www.lci.fr/police/chevaux-mutiles-une-ponette-etranglee-en-vendee-2164287.html,,,,,,
21/08/2020,Moncé-en-Belin,,,Sarthe,Pays de la Loire,Le Mans,Veau mort et mutilé. L’animal présentait l’oreille droite coupée et des lacérations sur ses appareils génitaux,,,,,,,,Ouest France,"https://www.ouest-france.fr/pays-de-la-loire/le-mans-72000/monce-en-belin-un-veau-retrouve-mort-et-mutile-6946813#:~:text=Un%20veau%20mort%20et%20mutil%C3%A9,indique%20le%20parquet%20du%20Mans.","0.194443, 47.90122","Moncé-en-Belin, 72, Sarthe, Pays de la Loire",,,,
29/08/2020,Rairies,,,Maine-et-Loire,Pays de la Loire,,"Une jument a été retrouvée mutilée, tailladé au niveau de l’encolure, mais toujours en vie.",,,,,,,,Courriers de l'Ouest,https://www.ouest-france.fr/pays-de-la-loire/maine-et-loire/maine-et-loire-une-jument-retrouvee-mutilee-pres-de-durtal-180b754a-eaa5-11ea-a3b5-ba416e1078be,,,,,,
03/09/2020,Plogastel Saint Germain ,Finistère,Bretagne,Quimper,"Plusieurs cas de sédations suspectées sur des chevaux. Une enquête ouverte, confirme le parquet de Quimper à CheckNews. ",,,,,,,Kurun Equitation : 06 86 59 98 82,,,,,,,,,,
08/08/2020,Chateauvieux (Gap),1,0,Hautes-Alpes,Provence-Alpes-Côte d’Azur,Gap,"Une mule a été tuée par balle à bout portant entre les deux yeux. Florent Crouhy, procureur de Gap, confirme à CheckNews l'ouverture d'une enquête pour ""sévices graves et actes de cruauté envers un animal domestique ou apprivoisé"". Elle a été confiée à la brigade de sûreté urbaine du commissariat de Gap. Mais le procureur indique par ailleurs qu'aucun lien n'a été fait par les enquêteurs avec les autres affaires en cours en France.",,0,0,0,0,"Justine Villanueva, 06 22 56 43 91","Propriétaire : Camille Bovo, 0617183129 ""Nous avons aucun retour de la plainte déposée à Gap, enquête impossible on a aucun élément, on a nous même cherché et rien de concluant, on soupçonne des bandes de jeunes qui trainent, une sorte de pari débile, sans pouvoir les accuser pour autant. Mais je pense que ça n'a rien à voir avec les autres agressions partout en France, c'est intentionnel et humain une balle à bout portant dans la tête, mais je pense pas que ce soit en lien"" et SPA sud alpine : ""L'asso s'est rendue sur les lieux au même moment que la police, d'après les premiers éléments c'est évidemment intentionnel mais cela se détacherait des autres agressions, rien à voir, le mode opératoire n'est pas le même, l'execution n'a pas de similitudes avec les autres blessures / mutilations rapportées ailleurs"".",Ouest France,https://www.ouest-france.fr/provence-alpes-cote-dazur/gap-05000/gap-une-mule-a-ete-retrouvee-morte-tuee-d-une-balle-dans-la-tete-6934361,"1.415745, 47.225319","Châteauvieux, 41, Loir-et-Cher, Centre-Val de Loire",,,,
23/08/2020,Puyvert,1,1,Vaucluse,Provence-Alpes-Côte d’Azur,Avignon,"Une jument est décédée. Elle présente une blessure à la tête et a été éventrée. Sur le même terrain, un poney a eu l'oreille ""explosée"". Philippe Guémas, procureur d'Avignon, confirme des dépôts de plainte et précise qu'il s'agit ""d’agissements volontairement commis et non pas d’accidents"".",,1,0,0,0,"Denis Chevé, 06 07 46 85 32, a été appelé deux jours après la découverte du corps de la jument, pour soigner l'oreille du poney, dont la blessure était d'abord passé inaperçue. Il considère l'histoire des proprio ""cohérente"" et les blessures ""intentionnelles"". Jument éventrée : ""impossible que ce soit un accident sinon elle aurait marché dans ses intestins sur plusieurs mètres, là elle a été assomée, blessée à la tête, puis éventrée au sol donc main humaine"". Poney : ""blessure sur toute la longueur de l'oreille, plutôt explosée avec un gourdin que propre avec un couteau"" ",,Checknews,https://www.francebleu.fr/infos/faits-divers-justice/une-jument-retrouvee-eventree-a-puyvert-dans-le-luberon-un-poney-mutile-1598543503,"5.338506, 43.746619","Puyvert, 84, Vaucluse, Provence-Alpes-Côte d'Azur",,,,
17/05/2020,Montfavet (Avignon),1,1,Vaucluse,Provence-Alpes-Côte d’Azur,Avignon,"Un cheval est retrouvé avec une entaille de dix centimètres de profondeur sur la cuisse gauche. Une plainte a été déposée à la gendarmerie de Montfavet. Contactée, la gendarmerie refuse de donner la moindre info. Le procureur d'Avignon évoque des ""agissements volontaires"" et exclut la piste accidenelle.",,0,0,0,0,"Nathalie Ganem, Clinique de Bompas, 04 32 61 14 01, message vocal laissé lundi 14","Propriétaire : Olivier Garcia, 06 08 34 03 46, a porté plainte à la gendarmerie de Montfavet, n'a plus eu de nouvelles depuis. Il ne croit pas à la thèse du fou ou du rite sataniste mais accuse plutôt les vétéritaines ou les assurances, ""ceux à qui cela peut profiter financièrement"" et voit ces attaques comme ""des pressions pour pousser les propriétaires à souscrire à des assurances"".",Checknews,https://france3-regions.francetvinfo.fr/provence-alpes-cote-d-azur/vaucluse/avignon/avignon-cheval-artiste-dresseur-olivier-garcia-gravement-blesse-au-couteau-son-pre-1830396.html,,,,,,https://france3-regions.francetvinfo.fr/provence-alpes-cote-d-azur/vaucluse/avignon/avignon-cheval-artiste-dresseur-olivier-garcia-gravement-blesse-au-couteau-son-pre-1830396.html
29/08/2020,Istres,1,1,Bouches-du-Rhônes,Provence-Alpes-Côte d’Azur,Aix-en-Provence,"Un cheval retrouvé avec oreille tailladée sur 8 centimètres. Le commissariat d'Istres est chargé de l'enquête suite à une plainte déposée à Istres. Emmanuel Merlin, Vice-Procureur d'Aix-en-Provence dit rester prudent mais privilégie la piste de la blessure intentionnelle au vu de la forme de l'entaille.",,1,0,0,0,,,Checknews,https://www.20minutes.fr/societe/2849847-20200830-bouches-rhone-cheval-decouvert-oreille-entaillee-huit-centimetres,"4.990128, 43.512319","Istres, 13, Bouches-du-Rhône, Provence-Alpes-Côte d'Azur",,,,
02/09/2020,Carqueiranne,1,1,Var,Provence-Alpes-Côte d’Azur,Toulon,"Un poney présente des lacérations au niveau des membres postérieurs et a l'oreille abîmée. Le commissariat de Hyères a été saisi de l'enquête, transférée ensuite à la Brigade de la sécurité publique de Toulon, selon la préfecture du Var à CheckNews. Le tribunal confirme qu'une enquête pour ""sévices et acte de cruauté envers un animal domestique"" a été ouverte. Bernard Marchal, Procureur de Toulon : ""Pour l’instant les enquêtes sont en cours, vue la répétition des agressions à l’échelle nationale nos enquêteurs sont mobilisés, mais à notre niveau on a aucune interpellation ni même suspect, on a même pas de piste. Mais on exclut quand même l'hypothèse de l'accident, on est sur de l'acte de cruauté, pour avoir moi même fait de l'équitation je sais que la peau du cheval est très fine mais sur ces cas particuliers, aucun élément type barbelé ou outils n'était à proximité de leur champ donc pas de causes accidentelles possible"".",,,,,,"Camille Santacruz 06 27 19 40 66, ""On ne peut pas déterminer à l'heure actuelle, on est dans l'attente des résultats d'analyse pour savoir s'il y a eu emploi d'anesthésiant, qui permettrait de confirmer la cause humaine et intentionelle. J'ai appelé le labo car on aurait du avoir les résultats depuis longtemps, on m'a répondu que les résultats vont directement aux fonctionnaires de police et on ne nous transmet aucune info, or c'est le seul moyen d’être sur.""","Propriétaire : Eve Aurat, contact Facebook","Proc à CheckNews, véto à CheckNews F3 régions",https://france3-regions.francetvinfo.fr/provence-alpes-cote-d-azur/var/hyeres/poney-mutile-carqueiranne-var-enquete-est-cours-1869652.html,"6.072296, 43.096909","Carqueiranne, 83, Var, Provence-Alpes-Côte d'Azur",,,,
06/09/2020,La Garde,1,1,Var,Provence-Alpes-Côte d’Azur,Toulon,"Un cheval est retrouvé avec des plaies dans la zone rectale, selon le propriétaire. L'enquête est confiée à la sûreté départementale de Toulon. Le procureur indique que la piste intentionnelle est privilégiée. ","Enquête confiée à la sureté départementale de Toulon. Confirmation du TJ qu'une enquête pour ""sévices et acte de cruauté envers un animal domestique"" a été ouverte. Bernard Marchal, Procureur de Toulon : ""Pour l’instant les enquêtes sont en cours, vu la répétition des agressions à l’échelle nationale nos enquêteurs sont mobilisés, mais à notre niveau on a aucune interpellation ni même suspect, on a même pas de piste. Mais on exclut quand même l'hypothèse de l'accident, on est sur de l'acte de cruauté, pour avoir moi même fait de l'équitation je sais que la peau du cheval est très fine mais sur ces cas particuliers, aucun élément type barbelé ou outils n'était à proximité de leur champ donc pas de causes accidentelles possible"". Il n'est pas au courant pour les résultats d'analyse (recherche d'un potentiel anesthésiant"" mais va se renseigner au prochain point avec les enquêteurs. ""On espère ne pas avoir de cas supplémentaire bien que parfois la répétition entraine une erreur favorable qui permet de faire avancer l’enquête"".",,,,,,,Proc à CheckNews + Var matin,https://www.varmatin.com/faits-divers/un-cheval-victime-de-sevices-a-la-garde-la-surete-departementale-saisie-568127,"6.01454, 43.128491","La Garde, 83, Var, Provence-Alpes-Côte d'Azur",,,,
03/09/2020,Guengat,1,1,Finistère,Bretagne,Quimper,Plusieurs cas de sédations suspectées. Une enquête est ouverte indique le parquet de Quimper à CheckNews;,,,,,,,,,,,,,,,
,,,,,,,,,,,,,,,,,,,,,,
,,,,,,,,,,,,,,,,,,,,,,
,,,,,,,,,,,,,,,,,,,,,,
18/09/2020,Luneau,1,0,Allier,Auvergne-Rhône-Alpes,Cusset,Le cadavre d'un cheval est retrouvé «un oeil et une oreille arrachés et les naseaux abîmés». Une enquête est en cours confirme le parquet de Cusset à l'AFP. La piste de l'intervention humaine n'est pas écartée. ,,1,0,1,0,,,Parquet à l'AFP ,https://www.francetvinfo.fr/faits-divers/chevaux-mutiles/chevaux-mutiles-un-nouveau-cas-decouvert-dans-l-allier_4110545.html,,,,,,
21/11/2019,Pin Balma,1,1,Haute-Garonne ,Occitanie ,Toulouse,"Un cheval qui a passé la nuit dans un pré protégé par une clôture électrique est découvert au petit matin avec une importante plaie. Le parquet de Toulouse précise que ""les auteurs ont rasé la peau du cheval au niveau de l'épaule droite puis découpé soigneusement un rectangle de chair d'environ 40 cm2."" Une plainte déposée plusieurs mois après les faits, le 3 septembre 2020. Une enquête est ouverte par le parquet. La piste intentionnelle est privilégiée. ",,0,0,0,0,,,Parquet de Toulouse à CheckNews,,"1.5330, 43.6281",,,,,
17/08/2020,Lagarde,1,1,Haute-Garonne ,Occitanie ,Toulouse ,"Un propriétaire remarque que son cheval boîte. L'ostéopathe constate trois blessures musculaires à la croupe, au dos et à l'encolure. La crinièr est aussi coupée au niveau des yeux. Une enquête est ouverte, confirme le parquet de Toulouse à CheckNews. La piste intentionnelle est privilégiée.",,0,0,0,0,Ostéopathe constate blessures musculaires. ,,Parquet de Toulouse à CheckNews,,"1.7123605, 43.3463898",,,,,
10/09/2020,Vaudreuille ,1,1,Haute-Garonne ,Occitanie ,Toulouse,"Un cheval de 18 ans est retrouvé dans son enclos avec une plaie (perforation et entaille) au niveau de la lèvre supérieure, sous le naseau. L'intervention du vétérinaire est nécessaire pour recoudre. Le parquet de Toulouse confirme l'ouverture d'une enquête. La piste intentionnelle est privilégiée.",,0,0,0,0,,,Parquet de Toulouse à CheckNews,,"1.2631, 4.33616",,,,,
11/09/2020,Flourens,1,1,Haute-Garonne ,Occitanie ,Toulouse,Au matin du 11 septembre les chiens aboient anormalement. La propriétaire d'une écurie privée retrouve une pouliche avec deux entailles profondes sur le chanfrein (partie centrale de la tête). Son museau est abîmé comme si un tord nez avait été utilisé. L'animal est choqué. L'autre jument dans le box est très agitée. Une enquête est ouverte. Le parquet de Toulouse confirme que la piste intentionnelle privilégiée. ,,0,0,0,0,,,Parquet de Toulouse à CheckNews,,"1.5624, 435947",,,,,
14/09/2020,Balesta ,1,0,Haute-Garonne ,Occitanie ,Toulouse,"Un poulain d'un mois est retrouvé dans un champ mutilé au niveau des deux orelles, en état de décomposition. Il n'y a pas de traces supectes sur l'animal. Une enquête ouverte. Pour le vétérinaire : «les oreilles ont été coupées ou consommées par un animal sauvage» Pour le procureur, la mutation des oreilles n'est pas expliquée. ",,1,0,0,0,"Pour le vétérinaire, «les oreilles ont été coupées ou consommées par un animal sauvage»",,Parquet Toulouse à CheckNews. ,,"0.5664, 43.2006",,,,,
,,,,https://www.google.com/maps/d/u/0/viewer?mid=10TXpLLAXrH4wmZ-RCrkIG40jOyoWw_QX&ll=47.21014372113896%2C2.859961767851584&z=6&fbclid=IwAR3izTeym7gTGJKWAACyH-gM-L_GK_RErCu3MQJ2KIUkUSjms44oJw4O-Rs,,,,,,,,,,,,,,,,,,
,,,,https://www.google.com/maps/d/u/0/viewer?mid=10TXpLLAXrH4wmZ-RCrkIG40jOyoWw_QX&ll=47.21014372113896%2C2.859961767851584&z=6&fbclid=IwAR3izTeym7gTGJKWAACyH-gM-L_GK_RErCu3MQJ2KIUkUSjms44oJw4O-Rs,,,,,,,,,,,,,,,,,,