Date,Lieu,GPS,Confirmé,Département ,Région,Parquet ,Quels faits?,Enquête? Que dit le parquet? Les gendarmes? La piste humaine est-elle sérieuse? ,Oreille coupée ?,Parties génitales ? ,Yeux enlevés ?,Chataigne enlevée ?,Vétérinaires ?,Contact,Source (Décla à CheckNews? Presse locale?),Lien vers une source,context
01/09/2020,Val-Revermont,"5.350556, 46.280292",,Ain,Auvergne Rhône-Alpes,Limoges,"Jument gravement mutilée. Découverte l'extremité de la queue sectionnée et la vulve coupée, indiquent les gendarmes",Gendarmerie prévenue mais pas d'enquête ouverte,,,,,Le vétérinaire confirme que les mutilations ne peuvent pas être accidentelles ,,Le Parisien,https://www.leparisien.fr/faits-divers/finistere-suspicion-de-mutilation-sur-un-cheval-un-autre-aurait-ete-drogue-03-09-2020-8377776.php,"Val-Revermont, 01, Ain, Auvergne-Rhône-Alpes"
03/08/2020,Montallieu-Vercieu,"5.40434, 45.815118",,Isère,Auvergne Rhône-Alpes ,Bourgoin-Jallieu,"Ouverture d'un enclos de poney, animal retrouvé 3km plus loin avec le museau ficelé",Pas de déclaration,,,,,?,,Reflexe Maltraitance ,"http://www.reflexmaltraitance.com/index.php/classifieds/for-sale/ad/france,6l/demantelement-du-parc-des-poney-a-la-vallee-bleue,279","Montalieu-Vercieu, 38, Isère, Auvergne-Rhône-Alpes"
26/04/2020,Hautecourt-Romanèche,,,Ain,Auvergne Rhône-Alpes ,Bourg en Bresse,Poney blessé puis euthanaié,,,,,,?,,Le journal de Saône-et-Loire,https://www.lejsl.com/faits-divers-justice/2020/05/06/un-poney-frappe-et-lacere-dans-son-pre-a-du-etre-euthanasie,
16-20/01/2020,Donzères,"4.715111, 44.436217",,Drôme,Auvergne-Rhône-Alpes,Valence,3 chevaux morts. Suspection d'empoisonnement,une plainte été déposé,,,,,?,,Le dauphiné,https://www.ledauphine.com/edition-drome-ardeche-sud/2020/01/20/un-3e-cheval-de-la-famille-d-eric-besson-est-mort,"Donzère, 26, Drôme, Auvergne-Rhône-Alpes"
24-25/05/2020,Malauzat ,,,Puy-de-Dôme,Auvergne-Rhône-Alpes,Clermont Ferrand,"Un cheval retrouvé avec deux profondes lacérations sur le poitrail, une jument blessée à l'épaule.",,,,,,Enquête,,La Montagne,https://www.lamontagne.fr/malauzat-63200/actualites/deux-chevaux-au-poitrail-lacere-a-malauzat-puy-de-dome-l-origine-de-ces-blessures-interroge_13795296/,
26/05/2020,Massongy,"6.326117, 46.324325",,Haute-Savoie,Auvergne-Rhône-Alpes,Thonon les bains,"Chevaux libéré, barrière ouverte",,,,,,,,,,"Massongy, 74, Haute-Savoie, Auvergne-Rhône-Alpes"
11/09/2020,Grézolles,"3.94875, 45.863389",,Loire ,Auvergne-Rhône-Alpes,Roanne,,,,,,,,,,,"Grézolles, 42, Loire, Auvergne-Rhône-Alpes"
01/08/2020,Champagne,,,Ardeche,Auvergne-Rhône-Alpes,,"Ane retrouvé mort, aurait fait une crise cardiaque après avoir été piqué par des bambous",,,,,,,,Facebook,https://www.facebook.com/layauteendirect/photos/impensablemessage-de-france-arnaud-il-faisait-la-joie-des-enfants-du-village-de-/620147722237156/,
03/09/2020,Busséol,,,Puy-de-Dôme,Auvergne-Rhône-Alpes,Clermont-Ferrand,,,,,,,,,,,
05/09/2020,Riom-ès-Montagnes,"2.659856, 45.285123",,Cantal,Auvergne-Rhône-Alpes,Aurillac,,,,,,,,,,,"Riom-ès-Montagnes, 15, Cantal, Auvergne-Rhône-Alpes"
11/09/2020,Charly,"4.786059, 45.652443",,Rhône,Auvergne-Rhône-Alpes,Lyon,,,,,,,,,,,"Charly, 69, Rhône, Auvergne-Rhône-Alpes"
26/08/2020,Saint-Vallier,"4.821703, 45.180661",,Drôme,Auvergne-Rhône-Alpes,Valence,"Ponette de 14 mois morte dans son pré. L’animal a été mutilé, avec l’oreille droite coupée. Le crâne de l’animal a été explosé et une partie de son museau a été tranchée. L’autopsie révèle aussi que le diaphragme de l’animal a été explosé, laissant penser qu’une ou des personnes auraient sauté dessus.",,,,,,,,Dauphine,https://www.ledauphine.com/faits-divers-justice/2020/08/26/une-ponette-atrocement-mutilee-a-saint-vallier-la-serie-noire-continue,"Saint-Vallier, 26, Drôme, Auvergne-Rhône-Alpes"
10/09/2020,Pont-de-Beauvoisin,"5.682586, 45.5332",,Savoie,Auvergne-Rhône-Alpes,Chambéry,,,,,,,,,,,"Le Pont-de-Beauvoisin, 73, Savoie, Auvergne-Rhône-Alpes"
10/09/2020,Attignat-Oncin,"5.776093, 45.518168",,Savoie,Auvergne-Rhône-Alpes,Chambéry,,,,,,,,,,,"Attignat-Oncin, 73, Savoie, Auvergne-Rhône-Alpes"
28/08/2020,Droiturier,"3.706904, 46.226266",,Allier,Auvergne-Rhône-Alpes,Cusset,ponette présentant une plaie ouverte de plus de 20 centimètres. ,,,,,,les gendarmes de la compagnie de Lapalisse ont ouvert une enquête,,La Montagne,https://www.lamontagne.fr/droiturier-03120/actualites/un-cheval-cible-par-un-acte-de-mutilation-dans-une-prairie-de-droiturier-allier_13829251/,"Droiturier, 03, Allier, Auvergne-Rhône-Alpes"
24/08,Villefranche-Saint-Phal,,,Yonne,Bourgogne - Franche-Comté,,2 poneys et un cheval blessés légèrement. Propriétaire blessé au bras. ,Portrait robot établi,0,0,0,,?,,20 minutes,https://www.20minutes.fr/faits_divers/2847735-20200827-yonne-deux-poneys-cheval-mutiles-president-refuge-agresse,
8/8,Cortambert (Cluny),"4.70692, 46.46499",,Saône-et-Loire,Bourgogne Franche Comté,,"Jean-Michel Martinot est propriétaire d’un élevage. Sollicité par Checknews, il confirme avoir retrouvé sa pouliche morte, des marques de strangulation autour du cou. «On pense qu’elle a été attrapée au lasso puis attachée à un arbre», dit-il. L’animal a été poignardé, énucléé, ses parties génitales retirées.",Plainte déposée. Enquête en cours. ,1,1,1,,"Décla à CheckNews: « C’est sûr que c’est un humain qui a fait ça. Les blessures sont nettes et précises, faites au cutter ou au bistouri, en tout cas à l’arme blanche. Il n’y a pas 36 coups : on remarque une blessure sur la jugulaire qui n’a pas été tranchée, ça n’a pas saigné. Puis un coup au cœur. Le cœur est perforé sur 30 centimètres, il part de sous le membre.  La vulve et une oreille sont enlevées. Effectivement on est habitués à voir des charognards faire cela, des renards souvent, mais on retrouve les empreintes de leur bouche. Les oreilles ou la vulve sont grignotées de part et d’autre. Là c’est tranché nettement au couteau. »",,Propriétaire + véto à ChecNews,https://france3-regions.francetvinfo.fr/bourgogne-franche-comte/saone-et-loire/saone-loire-oreille-coupee-organes-arraches-nouvelle-pouliche-retrouvee-mutilee-1861836.html,"Cortambert, 71, Saône-et-Loire, Bourgogne-Franche-Comté"
24/8,Courlans,"5.485256, 46.676473",,Jura,Bourgogne Franche Comté,Lons le Saunier,Jument a survécu.,Communiqué parquet Lons le Saunier. Ne fait aucun doute que l'animal a été victime d'une attaque dans la nuit de dimanche 23 au lundi 24/08 à Courlans (39). Le mode opératoire est similaire à ce qui a pu être constaté dans le secteur de Saint Claude. L'animal à survécu à ses blessures. ,,,,,"A checkNews: "" La collègue qui a examiné le cas à Courlans est affirmative : des lacérations à l'intérieur du vagin. C'était coupé net, ça ne laisse pas de place au doute."" --> avoir véto directement",,CheckNews/ Parquet,https://www.leprogres.fr/faits-divers-justice/2020/08/25/chevaux-mutiles-une-nouvelle-attaque-a-courlans,"Courlans, 39, Jura, Bourgogne-Franche-Comté"
30/08/2020,Buffard,"5.823037, 47.039843",,Doubs,Bourgogne Franche Comté,Besançon ,Indigestion anormale,Parquet Besançon à lancer ,non,non,non,,?,,L'EstRépublic,https://www.estrepublicain.fr/faits-divers-justice/2020/09/01/mort-suspecte-d-une-jument-a-buffard-les-gendarmes-menent-l-enquete,"Buffard, 25, Doubs, Bourgogne-Franche-Comté"
29-30/08/2020,Mirebel,,,Jura,Bourgogne Franche-Comté,Lons-le-Saunier,"Poulain mutilé au niveau du jarret gauche. ""Il présente quatre profondes entailles"", selon Le Progrès.","Plainte déposée, le parquet de Lons le Saunier a ouvert une enquête",,,,,?,,France Bleu - Le Progrès,https://www.francebleu.fr/infos/faits-divers-justice/un-nouveau-cas-de-cheval-mutile-dans-le-jura-a-mirebel-1598826332,
07/09/2020,Rochejean ,"6.290425, 46.744789",,Doubs ,Bourgogne Franche-Comté,Besançon ,"Jument blessée au flan, cicatrice de 10 centimètre. ",La gendarmerie a ouvert une enquête ,,,,,?,,L'EstRépublic,https://www.estrepublicain.fr/faits-divers-justice/2020/09/07/un-cheval-grievement-blesse-a-rochejean-une-enquete-ouverte-chevaux-mutiles-haut-doubs,"Rochejean, 25, Doubs, Bourgogne-Franche-Comté"
13-14/08,Thoiria,"5.730497, 46.529109",,Jura,Bourgogne Franche-Comté,Lons le Saunier,"Jument retrouvée morte. Son oeil a été retiré. Selon les premières conclusions de l'autopsie, l'animal aurait été assommé. Le ou les tueurs lui ont aussi enlevé une châtaigne, une sorte d'excroissance avec souvent de la corne qui se trouve sur les jambes des chevaux. ","Plainte déposée, Enquête en cours",0,0,1,,?,,Parquet Lons Le Saunier à CheckNews ,https://www.francebleu.fr/infos/faits-divers-justice/une-jument-retrouvee-morte-et-mutilee-dans-le-jura-un-cas-de-plus-dans-la-serie-noire-des-chevaux-1597616010,"Thoiria, 39, Jura, Bourgogne-Franche-Comté"
23/08/2020,Leschères,"5.831855, 46.457317",,Jura,Bourgogne Franche-Comté,Lons le Saunier,Jument a subi de graves mutilations vaginales. Vivante.,"Enquête en cours, témoignange du proprio",0,1,0,,?,,Parquet Lons Le Saunier à CheckNews ,https://www.leprogres.fr/faits-divers-justice/2020/08/24/chevaux-mutiles-deux-nouvelles-juments-attaquees-dans-le-haut-jura,"Leschères, 39, Jura, Bourgogne-Franche-Comté"
22-23/08,Ranchette,,,Jura,Bourgogne Franche-Comté,Lons le Saunier,Jument a subi des mutilations au niveau des parties génitales.,enquête pour « actes de cruauté sur un animal domestique »,0,1,0,,?,,Parquet de Lons Le Saunier à CheckNews. ,https://letrois.info/actualites/deux-nouveaux-cas-de-juments-mutilees-dans-le-jura/,
25-26/08/2020,Preux-Aux-Bois,"3.66087, 50.17055",,Saône-et-Loire,Bourgogne Franche-Comté,,Jument blessée à l'oreille,Plainte déposée à la gendarmerie (Macon et Creusot),,,,,?,,Creusot Infos,https://www.creusot-infos.com/news/faits-divers/en-saone-et-loire/saint-eusebe-fleur-des-dames-une-jument-de-5-ans-mutilee-a-l-oreille-dans-son-box.html,"Preux-au-Bois, 59, Nord, Hauts-de-France"
05/09/2020,Losne,,,Côte-d'Or,Bourgogne Franche-Comté,Dijon,Deux individus rodaient près d'un champ pour effrayer les chevaux ,Enquête de la Brigade de recherches de Beaune ,,,,,?,,France Bleu,https://www.francebleu.fr/infos/faits-divers-justice/chevaux-mutiles-une-tentative-a-losne-en-cote-d-or-peut-etre-des-liens-avec-d-autres-affaires-dans-1599495043,
24/08/2020,Saint-Fargeau,"3.088731, 47.650564",,Yonne,Bourgogne-France-Comté,,Nous avons retrouvés devant le prés de nos chevaux ce matin 2 cochons chinois lardés de coup de couteau. ,,,,,,,,,,"Saint-Fargeau, 89, Yonne, Bourgogne-Franche-Comté"
27/08/2020,Saint-Eusebe,"4.434271, 46.732303",,Saône-et-Loire,Bourgogne-Franche-Comté,,Jument blessée à l'oreille,,,,,,,,JSL,https://www.lejsl.com/faits-divers-justice/2020/08/27/encore-un-cheval-a-l-oreille-coupee,"Saint-Eusèbe, 71, Saône-et-Loire, Bourgogne-Franche-Comté"
1-2/09,Saint-Tugdual ,,,Morbihan,Bretagne,Lorient,Jument mutilée et tuée. Oreille coupée et appareil génital entaillé. ,Le Parquet de Lorient a saisi la brigade de recherches de gendarmerie de Pontivy,,,,,Vétérinaire spécialisé réquisitionné par le parquet ,,France 3 Bretagne ,https://france3-regions.francetvinfo.fr/bretagne/morbihan/morbihan-jument-mutilee-tuee-saint-tugdual-1868758.html  ,
01/09,Paule/Keroullaire,"-3.467588, 48.235711",,Côtes-d’Armor,Bretagne,Saint-Brieuc,Cheval retrouvé sédaté/ Drône,,,,,,? ,Mairie de Paule : 02 96 29 64 09,Le télégramme,https://www.letelegramme.fr/cotes-darmor/paule/un-cheval-retrouve-sedate-a-paule-02-09-2020-12608958.php,"Paule, 22, Côtes-d'Armor, Bretagne"
1-2/09,Ergué-Gabéric,"-4.014078, 48.010878",,Finistère,Bretagne,Quimper,cheval retrouvé avec des plaies sur l’aine et une autre jument retrouvée endormie,"Enquête en cours. Parquet de Quimper saisi confirme à CheckNews le procureur adjoint. Blessure : enquête pour déterminer piste accidentelle ou non. Jument endormie : cas de ""sédation présumée"". ",0,0,0,,?,,Ouest France,https://www.ouest-france.fr/bretagne/quimper-29000/finistere-suspicion-de-mutilations-sur-deux-chevaux-pres-de-quimper-6958837,"Ergué-Gabéric, 29, Finistère, Bretagne"
05/09/2020,Bobital,"-2.09776, 48.41349",,Côte d'Armor,Bretagne,Saint-Brieuc,Tentative d'intrusion aux écuries de l'Orcherais (Olivier Brehier lancé),,,,,,,Olivier Brehier : 06 73 90 03 64 (appeler mardi),,,"Bobital, 22, Côtes-d'Armor, Bretagne"
2-3/09,Plouër-sur-Rance,"-2.005509, 48.525147",,Côte d’Armor,Bretagne,Saint-Brieuc,Jument entaillée au niveau du postérieur ,Plainte déposée ,,,,,?,,Ouest France,https://www.ouest-france.fr/bretagne/plouer-sur-rance-22490/cotes-d-armor-un-cas-de-cheval-mutile-a-plouer-sur-rance-6961987 ,"Plouër-sur-Rance, 22, Côtes-d'Armor, Bretagne"
19/08,Buhulien,,,Côte d'Armor,Bretagne,Saint-Brieuc,Cheval entailles au niveau des oreilles,Plainte déposée ,,,,,?,,Ouest France,https://www.ouest-france.fr/bretagne/lannion-22300/bretagne-un-nouveau-cas-de-cheval-mutile-dans-les-cotes-d-armor-6942233 ,
23-24/08,Bourbriac,"-3.186969, 48.474561",,Côte d'Armor,Bretagne,Saint-Brieuc,Cheval blessé à l’abdomen par un objet tranchant,plainte déposée,0,0,0,,"Vétérinaire à CheckNews : ""Les plaies rencontrées ne correspondent pas aux plaies décrites sur les autres animaux""",,Ouest France,https://www.ouest-france.fr/bretagne/bourbriac-22390/chevaux-agresses-une-nouvelle-attaque-a-bourbriac-dans-la-nuit-de-dimanche-a-lundi-6947653 ,"Bourbriac, 22, Côtes-d'Armor, Bretagne"
26/08,Trégor,,,Côte d'Armor,Bretagne,Saint-Brieuc,Cheval mutilé à l'oreille droite,,,,,,Constat d'utilisation d'un scalpel ou d'un couteau,,Le Télégramme,https://www.letelegramme.fr/dossiers/mysterieuse-serie-de-chevaux-mutiles/exclusif-un-nouveau-cheval-mutile-dans-le-tregor-video-26-08-2020-12604342.php,
27-28/08,Bannalec,"-3.705184, 47.940823",,Finistère,Bretagne,Quimper,Jument mutilée au niveau du poitrail et un crochet d’ardoise enfoncé dans l’œil ,Dépot de plainte pour acte de cruauté envers deux équidés,,,,,?,,Ouest France,https://www.ouest-france.fr/bretagne/bannalec-29380/bannalec-deux-chevaux-atrocement-mutiles-6951275  ,"Bannalec, 29, Finistère, Bretagne"
30-31/08,Miniac-sous-Bécherel,"-1.934089, 48.284434",,Ille-et-Vilaine,Bretagne,Rennes,Cheval blessé à la bouche au sabot et trois entailles à l'arrière-train,La brigade de gendarmerie de Hédé Bazouges est saisie de l'enquête.,,,,,,,France 3 Bretagne, https://france3-regions.francetvinfo.fr/bretagne/miniac-becherel-cheval-victime-sevices-graves-proprietaires-chevaux-tension-1867942.html ,"Miniac-sous-Bécherel, 35, Ille-et-Vilaine, Bretagne"
17/08/2020,Plouzelambre,"-3.536987, 48.646673",,Côtes-d'Armor,Bretagne,Saint-Brieuc,"Cheval retrouvé mort égorgé. « Un coup de couteau, fatal, lui avait été porté au niveau de la jugulaire », indique le capitaine Souillard, de la compagnie de gendarmerie de Lannion.",,0,0,0,,Enquête ouverte gendarmerie,,Ouest france,https://www.ouest-france.fr/bretagne/plouzelambre-22420/un-cheval-egorge-dans-un-champ-de-plouzelambre-6941115,"Plouzélambre, 22, Côtes-d'Armor, Bretagne"
20/08/2020,Trélévern,"-3.380887, 48.801619",,Côtes-d'Armor,Bretagne,Saint-Brieuc,Cheval a tourné en vain toute la nuit. Retrouvé mort.,,,,,,,,,,"Trélévern, 22, Côtes-d'Armor, Bretagne"
30/08/2020,Sizun,"-4.093707, 48.407106",,Finistère,Bretagne,Brest,"Suspicion d attaque déjouée. Pick up blanc suspect, modèle de véhicule identifié sur une précédente attaque. Plusieurs personnes à bord, véhicule garé à l entrée du champ de notre cheval et de ses compagnons de pâture, découvert et mis en fuite par un voisin qui faisait des rondes, un grand merci à lui ! Un autre véhicule suspect - Peugeot rouge vieux modèle, vu au même endroit il y a 2 jours, peut-être en repérage.)",,,,,,,,,,"Sizun, 29, Finistère, Bretagne"
06/09/2020,Louargat,"-3.359976, 48.540415",,Côtes-d'Armor,Bretagne ,Saint-Brieuc,Jument mutilée morte,,1,1,0,,,,,,"Louargat, 22, Côtes-d'Armor, Bretagne"
04/03,Neuvy en Sullas,"2.249098, 47.797584",,Loiret,Centre - Val de Loire,,Étalon poignardé à mort,"Plainte déposée, le parquet croit à la piste criminelle",,,,,?,,France Bleu,https://www.francebleu.fr/infos/faits-divers-justice/un-cheval-poignarde-a-mort-a-neuvy-en-sullias-une-enquete-ouverte-1583420425,"Neuvy-en-Sullias, 45, Loiret, Centre-Val de Loire"
02/09,Chatillon-Sur-Indre,"1.169905, 46.989635",,Indre,Centre - Val de Loire,,"Cheval grièvement blessé, entaille profonde ",Une enquête a été ouverte par le parquet de Châteauroux.,,,,,?,,France Bleu Berry,https://www.francebleu.fr/infos/faits-divers-justice/chevaux-mutiles-un-premier-cas-offciellement-recense-dans-l-indre-1599074386,"Châtillon-sur-Indre, 36, Indre, Centre-Val de Loire"
23/08,Morancez,"1.491519, 48.405004",,Eure-et-Loir,Centre - Val de Loire,Chartres, Jument grièvement blessée aux jambes avant. Une blessure très profonde a notamment été relevée au niveau d’un genou.,"enquête confiée aux gendarmes de Thivars en collaboration avec les policiers de Dreux qui travaillent sur l’affaire de Sainte-Gemme-Moronval. A CheckNews : ""Au début, cas équivoque. Finalement, pistes de blessures volontaires d'origine humaine reste envisagée""",0,0,0,,Pas contacté,,Gendarmerie de Thivas à CheckNews ,https://www.lechorepublicain.fr/morancez-28630/actualites/une-autre-jument-attaquee-en-eure-et-loir_13828686/,"Morancez, 28, Eure-et-Loir, Centre-Val de Loire"
28-29/08/2020,Durtal,"-0.22714, 47.673059",,Maine-et-Loire,Centre Val de Loire,,Jument retrouvée mutilée dans son enclos. Elle avait une entaille longue de 15 à 20 centimètres au niveau de son encolure. ,Enquête ouverte et l'information a été remontée à l’Office central de lutte contre les atteintes à l’environnement et à la santé publique.,,,,,?,,Ouest France,https://www.ouest-france.fr/pays-de-la-loire/angers-49000/maine-et-loire-une-jument-retrouvee-mutilee-dans-son-enclos-pres-de-durtal-6953031,"Durtal, 49, Maine-et-Loire, Pays de la Loire"
23/08/2020,Sainte-Gemme-Moronval,"1.407742, 48.736007",,Eure-et-Loir,Centre-Val de Loire ,,Jument profondément lacérée au poitrail. Vivante. ,,0,0,0,,Clinique des Perdreaux 01 34 76 60 60,,Propriétaire à CheckNews , https://france3-regions.francetvinfo.fr/centre-val-de-loire/eure-et-loir/dreux/eure-loir-jument-mutilee-pre-son-proprietaire-pres-dreux-1865688.html,"Sainte-Gemme-Moronval, 28, Eure-et-Loir, Centre-Val de Loire"
20/06,Vauchassis,"3.930214, 48.203639",,Aube,Grand Est,Troyes,"Jument retrouvée ouverte entre les deux oreilles. ""Comme si elle avait pris un coup de hache. On voyait la boîte cranienne""",parquet de Troyes à lancer. Le propriétaire n'a pas porté plainte immédiatement. Il a porté plainte il y a quinze jours à la gendarmerie d'Estissac. ,0,0,0,,"Dr Vanden Bulcke à Chaource. Il croit plutôt à un accident. ""Elle avait un scalp au niveau du front, pour moi elle a essayé de retiré quelque chose de pointu.""",,"Antoine Fèvre, propriétaire. ",,"Vauchassis, 10, Aube, Grand Est"
24-25/07,Grandpré,"4.84848, 49.339808",,Ardennes,Grand Est,Charleville Mézières,Cheval trouvé avec une blessure de 35 cm à la cuisse droite,Enquête des gendarmes en cours,,,,,?,,"Ouest-France (proprios, ""trop profond pour accident"")",https://www.ouest-france.fr/grand-est/ardennes/ardennes-encore-un-cheval-retrouve-mutile-une-plaie-beante-a-la-cuisse-6919923,"Grandpré, 08, Ardennes, Grand Est"
12/02/2020,Chateau-Salins,"6.501129, 48.820755",,Moselle,Grand Est,,"Cheval retrouvé mort, Il aurait reçu un grand coup sur la tête avant d’être mutilé. Une de ses oreilles avait été coupée.",,1,0,0,,,,Etablissement a confirmé les faits à CheckNews. ,https://www.ouest-france.fr/grand-est/chateau-salins-57170/moselle-un-cheval-decouvert-mort-et-mutile-dans-un-lycee-agricole-de-chateau-salins-6736933,"Château-Salins, 57, Moselle, Grand Est"
07/07/2020,Vroncourt,"6.084102, 48.467183",,Meurthe-et-Moselle,Grand Est,,"« Flipper » présentait deux plaies importantes compatibles avec une arme blanche de type cutter ou couteau, selon le vétérinaire venu constater les blessures. Une première, de 8 cm de long au niveau de l’encolure et une seconde, de 14 cm, sur le postérieur droit.",,,,,,,,Est Rep,https://www.estrepublicain.fr/faits-divers-justice/2020/07/07/cheval-blesse-a-l-arme-blanche,"Vroncourt, 54, Meurthe-et-Moselle, Grand Est"
12-13/08,Pommereuil,,,Nord,Hauts-De-France,Cambrai ,Cheval a été découvert avec une coupure sous l’œil et dans le nez,Une plainte a été déposée au Cateau-Cambrésis.,,,,,?,,France Bleu,https://www.francebleu.fr/infos/faits-divers-justice/nord-un-premier-cas-de-mutilation-de-chevaux-dans-l-avesnois-1599229849,
24-25/07,Nouvion-en-Ponthieux ,,,Somme ,Hauts-De-France,Amiens,"Jument retrouvée mutilée à la tête, gendarmerie prévenue via le maire de la commune",Enquête ouverte par parquet d'Amiens,,,,,?,,"Le Journal d'Abbeville (proprio, ""Attention surveillez vos animaux ou les pâturages près de chez vous""",https://actu.fr/hauts-de-france/nouvion_80598/nouvion-en-ponthieu-une-jument-mutilee-a-la-tete_35165854.html,
20-21/08,Preux-Aux-Bois,"3.658219, 50.167029",,Nord,Hauts-De-France,Avesnes-sur-Helpe,"Deux chevaux blessés, l’un d’une longue entaille et l’autre d’une perforation profonde (et un avec oeil crevé 1 mois plus tôt)",Plainte déposée à la gendarmerie de Landrecies,,,,,?,,"La VDN (Rémy Maréchal, proprio de 2 des chevaux et du champ, ""Ça m’étonnerait qu’un animal ait pu faire ça"" en parlant d'un trou dans la cloture)",https://www.lavoixdunord.fr/860175/article/2020-09-04/preux-au-bois-mi-aout-il-retrouve-ses-chevaux-blesses-dans-son-champ,"Preux-au-Bois, 59, Nord, Hauts-de-France"
14/05,Quend,"1.602494, 50.321124",,Somme ,Hauts-De-France,Amiens,Cheval mort/oreille coupée,Enquête préli rassemblée avec deux autres (avec berny-en-Santerre),,,,,"Selon la radio locale, citant les premières conclusions de l'autopsie, la jument de 24 ans aurait été assommée",,"L'Express (Alexandre De Bosschère, procureur d'Amiens,parle des 3 enquêtes ""regroupées sous l'autorité d'un seul enquêteur pour pouvoir étudier tous les rapprochements possibles""",https://www.lexpress.fr/actualite/societe/mysterieuse-serie-de-mutilations-de-chevaux-ces-derniers-mois-en-france_2133152.html,"Quend, 80, Somme, Hauts-de-France"
14/07,Esmery-Hallon,"3.015406, 49.704027",,Somme,Hauts-de-France,Amiens,Jument mordue par au moins un chien mais présentant plusieurs blessures. Enclos abîmé et cailloux retrouvés dans le champ. ,,,,,,?,,Courrier Picard,https://premium.courrier-picard.fr/id115733/article/2020-07-16/esmery-hallon-cara-une-jument-de-3-ans-ete-blessee-dans-son-champs,"Esmery-Hallon, 80, Somme, Hauts-de-France"
08/07,Cilly,"3.846392, 49.74645",,Aisne,Hauts-de-France,Laon,poulain lacéré au niveau des pattes avant,plainte déposée à la gendarmerie de Marle,,,,,,,L'union,https://abonne.lunion.fr/id176873/article/2020-07-17/un-poulain-lacere-dans-un-champ-de-cilly,"Cilly, 02, Aisne, Hauts-de-France"
04/09,Neuville en Corbie,,,Somme,Hauts-de-France,,poulain entaillé après avoir reçu des coups,plainte déposé,,,,,?,,Courrier Picard,https://www.courrier-picard.fr/id125063/article/2020-09-05/un-poulain-de-deux-mois-entaille-sous-loreille-corbie,
22/04,Quierzy sur Oise,"3.144652, 49.571",,Aisne,Hauts-de-France,Soissons,"mort d’une pouliche égorgée, et blessures de deux autres équidés, l’un à la tête et l’autre à la hanche","plainte déposée, la gendarmerie scientifique confirme l’utilisation d’une arme tranchante",oui post-mortem,0,0,,?,,Propriétaire à CheckNews ,https://www.aisnenouvelle.fr/id82596/article/2020-04-24/une-pouliche-retrouvee-egorgee-avec-une-oreille-coupee-quierzy-sur-oise,"Quierzy, 02, Aisne, Hauts-de-France"
10/06,le Chemin de Marquion,,,Pas-de-Calais,Hauts-de-France,,drogue administrée à un cheval,?,,,,,?,,Propriétaire,,
28/07,Albert,"2.653296, 50.002491",,Somme,Hauts-de-France,Amiens,cheval retrouvé couvert de plaies et d’hématomes,?,,,,,?,,Propriétaire,,"Albert, 80, Somme, Hauts-de-France"
14/05,Berny-En-Santerre,"2.844643, 49.865753",,Somme,Hauts-de-France,Amiens,Jument de deux ans retrouvée morte dans sa pâture. ,Plainte déposée par la propriétaire ,1,0,0,,,,Courrier Picard + gendarmerie à CheckNews ,https://picavenir.courrier-picard.fr/id85872/article/2020-05-14/apres-la-decouverte-dune-pouliche-egorgee-avec-une-oreille-coupee-quierzy-sur,"Berny-en-Santerre, 80, Somme, Hauts-de-France"
17/05,Berny-En-Santerre,"2.844643, 49.865753",,Somme,Hauts-de-France,Amiens,Ponette tuée dans la même pension.,,1,0,0,,?,,Gendarmerie à CheckNews ,https://france3-regions.francetvinfo.fr/bourgogne-franche-comte/apres-attaques-chevaux-saone-loire-jura-loire-enquete-compliquee-1863890.html,"Berny-en-Santerre, 80, Somme, Hauts-de-France"
29 juillet 2020,Écourt-Saint-Quentin,"3.076241, 50.254129",,Pas-de-Calais ,Hauts-de-France,,"Tentative de vol, cheval retrouvé drogué",,,,,,,,,,"Écourt-Saint-Quentin, 62, Pas-de-Calais, Hauts-de-France"
04/09/2020,Corbie,"2.497904, 49.915998",,Somme,Hauts-de-France,Amiens,Poulain retrouvé avec entaille au niveau de l'oreille,,,,,,Propriétaire évoque un acte de violence gratuit/ Gendarmes n'écartent pas piste d'un accident.,,F3 régions,https://france3-regions.francetvinfo.fr/hauts-de-france/carte-hauts-france-dizaine-chevaux-ont-ete-tues-blesses-mois-mai-1870134.html,"Corbie, 80, Somme, Hauts-de-France"
11/09/2020,Noordpeene,"2.36406, 50.795505",,Nord,Hauts-de-France,Dunkerque,Jument mutilée au niveau de la vulve. Plaie profonde. Jours pas en danger. Grillage du pré affaissé. ,"Enquête ouverte, confiée à la gendarmerie d'Hazebrouck. Piste acte volontaire privilégiée. ",0,1,0,,,,VDN ,https://www.lavoixdunord.fr/864262/article/2020-09-12/noordpeene-une-jument-retrouvee-mutilee-dans-une-pature,"Noordpeene, 59, Nord, Hauts-de-France"
06/09/2020,Thiembronne,"2.079068, 50.63093",,Pas-de-Calais,Hauts-de-France,,,,,,,,,,VDN ,https://www.lavoixdunord.fr/862242/article/2020-09-08/un-cheval-mutile-thiembronne,"Thiembronne, 62, Pas-de-Calais, Hauts-de-France"
20/01/2020,La Celle sur Morin,"2.96808, 48.806202",,Seine-et-Marne,IDF,,Cheval retrouvé avec hematome dans le rectum,,,,,,,,Actu.fr,https://actu.fr/ile-de-france/la-celle-sur-morin_77063/seine-marne-celle-sur-morin-cheval-grievement-blesse-rectum-par-inconnus_30851309.html,"La Celle-sur-Morin, 77, Seine-et-Marne, Île-de-France"
26/05/2020,Omerville,"1.718898, 49.140155",,Val-d'Oise,IDF,,Chevaux blessés (sans plus de précision),,,,,,,,,,"Omerville, 95, Val-d'Oise, Île-de-France"
05/09/2020,Grisy-les-Plâtres,"2.051084, 49.130048",,Val-d'Oise,IDF,,"Deux juments ont été mutilées. L'une a été entaillée au cutter au niveau du flanc, sur une trentaine de centimètres, l’autre a eu la vulve partiellement sectionnée.",,,,,,Sandrine Mesnil,,Actu.fr,https://actu.fr/ile-de-france/grisy-les-platres_95287/chevaux-mutiles-trois-victimes-averees-et-psychose-ambiante-dans-le-val-d-oise_35952455.html,"Grisy-les-Plâtres, 95, Val-d'Oise, Île-de-France"
02/08/2020,Saint-Germain-lès-Arpajon,"2.26567, 48.598863",,Essonne,IDF,Evry,"un poney a été retrouvé mort égorgé, nombreuses plaies, oreille coupée",,1,0,0,,,,Raoul Nardin à CheckNews + Le parquet d'Evry a confirmé à CheckNews l'ouverture d'une enquête. ,"https://actu.fr/ile-de-france/saint-germain-les-arpajon_91552/essonne-un-poney-retrouve-mort-egorge-a-saint-germain-les-arpajon_35383243.html#:~:text=Le%202%20ao%C3%BBt%202020%2C%20un,ces%20derniers%20mois%20en%20France.","Saint-Germain-lès-Arpajon, 91, Essonne, Île-de-France"
24/08/2020,Chevreuse,"2.034232, 48.706936",,Yvelines ,IDF,,Jument a reçu un ou deux coups de couteau,,,,,,,,Actu.fr,https://actu.fr/faits-divers/chevaux-mutiles-trois-cas-averes-dans-les-yvelines_35860034.html,"Chevreuse, 78, Yvelines, Île-de-France"
26/08/2020,Forges-les-bains,"2.080158, 48.616024",,Essonne,IDF,,Un poney aurait été attaqué dans un champs. Les agresseurs auraient été mis en fuite.,,,,,,,,Le Parisien,https://www.leparisien.fr/info-paris-ile-de-france-oise/chevaux-mutiles-la-psychose-gagne-l-ile-de-france-et-l-oise-29-08-2020-8375121.php,"Forges-les-Bains, 91, Essonne, Île-de-France"
01/04/2020,Magny les Hameaux,"2.0588, 48.735318",,Yvelines ,Île-de-France,,une ponette est morte après avoir eu l’oreille coupée. ,,,,,,,,Actu.fr,https://actu.fr/faits-divers/chevaux-mutiles-trois-cas-averes-dans-les-yvelines_35860034.html,"Magny-les-Hameaux, 78, Yvelines, Île-de-France"
11/08,Bailly en Rivières,"1.385487, 49.897958",,Seine-Maritime,Normandie,,"Deux chevaux retrouvés blessés à la tête. Nuit du 11 août 2020 : À Bailly-en-Rivière, près de Dieppe deux chevaux sont retrouvés blessés au niveau du crâne. Examinés par un vétérinaire, leur état n’est pas jugé préoccupant. (actu.fr)","Pour les faits commis sur la circonscription du parquet de Dieppe, les enquêtes sont confiées aux gendarmes de la brigade de recherche (BR) de Neufchâtel-en-Bray",,,,,?,,"Paris-Normandie (procureur, ""C’est plus simple ainsi, d’autant plus que la BR est en lien avec l’Office central de lutte contre les atteintes à l’environnement et à la santé publique (Oclaesp). Cet office est en contact avec d’autres services d’enquête saisis de faits similaires, en Picardie notamment"")",https://www.paris-normandie.fr/actualites/faits-divers/des-equides-massacres-en-normandie-leurs-proprietaires-sur-le-qui-vive-AP17180527 https://actu.fr/normandie/dieppe_76217/les-agressions-de-chevaux-se-sont-multipliees-pres-de-dieppe_35650996.html,"Bailly-en-Rivière, 76, Seine-Maritime, Normandie"
06/06,Martin-Eglise,"1.138011, 49.901748",,Seine-Maritime,Normandie,,"Jument de 16 ans retrouvée agonisante (morte par la suite) Oreille droite coupée et la tête ""déchiquetée""","Plainte et enquête, procureur de la République de Dieppe",1,0,0,,"Selon un vétérinaire, les traces constatées sur les naseaux laissent supposer qu'un tord-nez, un instrument avec lequel on serre le nez des équidés pour les immobiliser, a été utilisé",,Actu.fr,https://actu.fr/normandie/martin-eglise_76414/elle-retrouve-sa-jument-massacree-dans-un-champ-pres-de-dieppe_34481917.html,"Martin-Église, 76, Seine-Maritime, Normandie"
"""Mi-juin""",Lammerville,"0.971439, 49.793818",,Seine-Maritime,Normandie,,"Poulain « Jador your life » retrouvé avec une entaille entre l’épaule et le poitrail, mais sauvé (50 points de suture).  Sa mort aurait pu être une grosse perte pour le propriétaire : Ce poulain vient d’une grande lignée. ""Ces gars-là sont des gens qui connaissent les chevaux. Mon poulain c’est un lion pour l’approcher c’est difficile. Ils les approchent facilement.""",Plainte déposée par l'éleveur des chevaux de sport Alain Comalada,,,,,?,,"France Bleu (Alain Comalada, éleveur de chevaux de sport, ""Ce sont des actes gratuits, ce n'est pas une secte mais ce sont des gens malintentionnés. C'est scandaleux ! Ces gars-là sont des gens qui connaissent les chevaux. Mon poulain c'est un lion pour l'approcher c'est difficile. Ils les approchent facilement"")",https://www.francebleu.fr/infos/faits-divers-justice/c-est-scandaleux-en-seine-maritime-sept-chevaux-tues-ou-mutiles-dans-la-region-de-dieppe-1598021776,"Lammerville, 76, Seine-Maritime, Normandie"
03-04/09/2020,Barenton,"-0.844348, 48.606927",,Manche,Normandie,,"2 chevaux blessés. Un à l'épaule et l'autre à la hanche avec ""des entailles de 40 à 50 centimètres, et assez profondes"". Propriétaire : Alicia Colletti, haras des Buissonières",Enquête ouverte par les gendarmes de Mortain épaulés par les hommes de la section de recherches de Caen et la brigade de recherches d’Avranches.La compagnie d'Avranche peut communiquer : 0233794810 demander le Commandant VAN BLITZ,,,,,"""Le vétérinaire que nous avons appelé a passé deux heures sur chaque plaie à recoudre."" ",,La Manche Libre / Ouest France / Actu.fr / France 3 Régions / France Bleu,https://www.lamanchelibre.fr/actualite-904680-manche-une-premiere-agression-de-chevaux-dans-le-departement,"Barenton, 50, Manche, Normandie"
03/09/2020,Flers,,,Orne,Normandie,,"Tentative d'attaque sur des chevaux. ""“Heureusement, la chienne de mes parents a aboyé et les a mis en fuite. Mais ils venaient pour ça. Ils venaient pour les agresser ! Ils avaient déjà enlevé les masques anti-mouches sur les chevaux.” explique le propriétaire.",Les gendarmes sont venus constater les faits mais aucune plainte n'a été déposée,,,,,Pas de blessures donc pas de vétérinaire,,Actu.fr,https://actu.fr/normandie/flers_61169/equides-agresses-pres-de-flers-une-tentative-d-attaque-sur-des-chevaux_35907667.html,
04/09/2020,Deauville,"0.075986, 49.354198",,Calvados,Normandie,,2 chevaux retrouvés lacérés et scalpés.,Enquête ouverte par la gendarmerie,,,,,?,,Actu.fr,https://actu.fr/normandie/deauville_14220/attaque-de-chevaux-dans-un-haras-pres-de-deauville_35934904.html,"Deauville, 14, Calvados, Normandie"
"""Fin juillet""",Val-de-Scie,"1.166949, 49.724686",,Seine-Maritime,Normandie,,"Cheval de 14 ans trouvé avec une entaille de ""40 à 50 cm de long"" (selon proprio) jusqu’à l’os au niveau du postérieur gauche",Plainte déposée ,,,,,?,,"https://actu.fr/normandie/val-de-scie_76034/seine-maritime-elle-cree-une-cagnotte-apres-l-agression-de-son-cheval_35607770.html (propriétaire du cheval, ""il a été emmené en clinique vétérinaire. Il a été opéré puis recousu. Il est resté en observation pendant une semaine avant de pouvoir rentrer"") propriétaire nom facebook : Bérangère Pierre Timéo, la propriétaire a lancé une cagnotte pour payer les frais véto : https://cagnotte.me/47271-aider-nous-a-sauver-sioux/fr",,"Val-de-Scie, 76, Seine-Maritime, Normandie"
27-28/08/2020,Deauville,"0.075986, 49.354198",,Calvados,Normandie,,2 chevaux retrouvés mutilés au Club hippique de Deauville. « leurs oreilles avaient été sectionnées de haut en bas »,Plainte déposée au commissariat de Deauville. Et le parquet de Lisieux a été avisé de l’incident.,,,,,?,,Actu.fr / Ouest France,https://actu.fr/normandie/deauville_14220/mutilation-de-chevaux-plusieurs-cas-decouverts-dans-un-centre-equestre-a-deauville_35775924.html,"Deauville, 14, Calvados, Normandie"
19/06,Grumesnil,"1.702803, 49.606914",,Seine-Maritime,Normandie,,"Ane mort, un oeil crevé et une oreille coupée (les 8 autres n'ont rien)","Plainte déposée à la gendarmerie de Gournay-en-Bray, une enquête est en cours",1,0,1,,Aucune constatation ni autopsie,,Propriétaire à CheckNews,,"Grumesnil, 76, Seine-Maritime, Normandie"
25-26/07/2020,Bourth,"0.809559, 48.764517",,Eure,Normandie,,"Jument agressée sur Bourth, poumon perforé sur 50 cm, côtes cassées, n’a pas survécu",,,,,,,,,,"Bourth, 27, Eure, Normandie"
09/07/2020,Criquetot-sur-Longueville,"1.07215, 49.782945",,Seine-Maritime,Normandie,,jument retrouvée gisant dans un fossé machoire cassée,,,,,,,,Actu.fr,https://actu.fr/normandie/dieppe_76217/les-agressions-de-chevaux-se-sont-multipliees-pres-de-dieppe_35650996.html,"Criquetot-sur-Longueville, 76, Seine-Maritime, Normandie"
24/08/2020,Les aspres,"0.596113, 48.683512",,Orne,Normandie,,"2 individus mis en fuite par un propriétaire, ils avaient eu le temps de mettre un licol à son cheval.",,,,,,,,,,"Les Aspres, 61, Orne, Normandie"
24/08/2020,Buré,"0.609534, 48.412231",,Orne,Normandie,,Un cheval a été retrouvé blessé au niveau de la gorge ,,,,,,La brigade de gendarmerie de Mortagne-au-Perche s’est saisie de l’enquête,,Actu.fr,https://actu.fr/normandie/bure_61066/dans-l-orne-un-cheval-retrouve-blesse-a-la-gorge-a-bure_35840627.html,"Belforêt-en-Perche, 61, Orne, Normandie"
28/08/2020,Beaumont-le-Roger,"0.755197, 49.064346",,Eure,Normandie,,un cheval a été retrouvé les membres inférieurs écorchés à Beaumont-le-Roger dans l’Eure. Des blessures qui laissent penser à des actes de cruauté,,,,,,L’enquête a été confiée à la gendarmerie départementale.,,Ouest France,https://www.ouest-france.fr/normandie/evreux-27000/dans-l-eure-un-cheval-retrouve-les-jambes-ecorchees-6957257,"Beaumont-le-Roger, 27, Eure, Normandie"
03/09/2020,Flers,,,Orne,Normandie,,Suspiscion d'attaque déjouée. Aucun cheval blessé.,,,,,,Pas de plainte ni enquête,,Actu.fr,https://actu.fr/normandie/flers_61169/equides-agresses-pres-de-flers-une-tentative-d-attaque-sur-des-chevaux_35907667.html,
09/09/2020,Fécamp,"0.367476, 49.747214",,Seine-Maritime,Normandie ,,jument entaille au niveau de la vulve,,0,1,0,,,,,,"Fécamp, 76, Seine-Maritime, Normandie"
29/05/2020,Meursac,"-0.832625, 45.637984",,Charente-Maritime,Nouvelle Aquitaine,Saintes,Deux chevaux blessés,,,,,,,,Sud-Ouest,https://www.sudouest.fr/2020/09/05/agression-de-juments-dans-le-departement-7809199-1238.php,"Meursac, 17, Charente-Maritime, Nouvelle-Aquitaine"
25/08/2020 ? ou 04/08/2020,lubersac,"1.403017, 45.449552",,Corrèze ,nouvelle aquitaine,Brive-la-Gaillarde,acte de malveillance / fil de fer enroulé autour de l'un des chevaux,?,,,,,Rappeler à 18 h Groupe Vétérinaire Pompadour,05 55 73 97 00,France 3 nouvelle aquitaine ,https://france3-regions.francetvinfo.fr/nouvelle-aquitaine/haute-vienne/haute-vienne-jument-mutilee-arnac-poste-premier-cas-limousin-1868930.html,"Lubersac, 19, Corrèze, Nouvelle-Aquitaine"
04/08/2020,Lubersac,"1.403017, 45.449552",,Corrèze ,Nouvelle-Aquitaine,Brive-la-Gaillarde,Cheval retrouvé avec du fil de fer volontairement enroulé autour de lui. L'animal n'a pas été mutilé,,,,,,,,F3 régions,https://france3-regions.francetvinfo.fr/nouvelle-aquitaine/haute-vienne/haute-vienne-jument-mutilee-arnac-poste-premier-cas-limousin-1868930.html,"Lubersac, 19, Corrèze, Nouvelle-Aquitaine"
24/08/2020,Saint-Aubin-de Baubigné,,,Deux-Sèvres,Nouvelle Aquitaine,,Jument retrouvé morte oreille droite coupée,,,,,,?,,Ouest France,https://www.ouest-france.fr/nouvelle-aquitaine/mauleon-79700/mauleon-deux-sevres-une-jument-retrouvee-mutilee-et-morte-da9205c6-e61c-11ea-b3a6-0a1d702da276,
au cours de l'été,Escaudes ,"-0.207748, 44.31686",,Gironde,nouvelle aquitaine,Bordeaux,"cheval mutilé les blessures ont lieu au niveau du flanc, des oreilles et de la lèvre mais aussi sur les parties génitales.",?,,,,,,,actu.fr,https://actu.fr/nouvelle-aquitaine/escaudes_33155/gironde-mutilations-de-chevaux-un-cas-a-escaudes-et-des-personnes-suspectes-aux-ecuries-de-baurech_35847713.html,"Escaudes, 33, Gironde, Nouvelle-Aquitaine"
03/09/2020,villenave-de-rions,"-0.339938, 44.688799",,Gironde,nouvelle aquitaine,Bordeaux,un cheval a été touché par deux coups de couteau,Enquête ouverte ,,,,,Possiblement Dr De Jardin,05 56 67 07 30,france bleu ,https://www.francebleu.fr/infos/faits-divers-justice/gironde-un-premier-cas-de-cheval-mutile-a-villenave-de-rions-1599156072,"Villenave-de-Rions, 33, Gironde, Nouvelle-Aquitaine"
20/08/2020,saugon ,"-0.496187, 45.180235",,Gironde,Nouvelle Aquitaine,Bordeaux,"Poulain trouvé avec corde en strangulation autour du cou.il avait autour du cou une ficelle à ballot serrée très fortement attachée par un nœud coulissant et tournée plusieurs fois autour de son cou Poulain prématuré de 6 mois, trouvé avec corde en strangulation autour du cou.il avait autour du cou une ficelle à ballot serrée très fortement attachée par un nœud coulissant et tournée plusieurs fois autour de son cou",,,,,,,,Reflexmaltraitrance.com,"http://www.reflexmaltraitance.com/index.php/classifieds/for-sale/ad/france,6l/tentative-de-strangulation-d-un-poulain,308","Saugon, 33, Gironde, Nouvelle-Aquitaine"
25/08/2020,Le Pontet-Etaulier,"-0.573525, 45.223101",,Gironde,Nouvelle-Aquitaine,Bordeaux,tentative d'etranglement d'un cheval avec son licol,,,,,,,,Reflexmaltraitrance.com,"http://reflexmaltraitance.com/index.php/classifieds/for-sale/ad/france,6l/tentative-d-etranglement-d-un-cheval,268","Étauliers, 33, Gironde, Nouvelle-Aquitaine"
02/09,Arnac-la-poste,"1.368725, 46.23457",,Haute-Vienne,nouvelle aquitaine,Limoges,"Cheval mort, retrouvé mutilé sur tout le corps. Aurait été mutilé aux oreilles et aux yeux",Enquête confiée à l'institut de recherche criminel. ,,,,,,,Le Populaire,https://www.lepopulaire.fr/arnac-la-poste-87160/actualites/un-cheval-retrouve-mutile-a-arnac-la-poste-en-haute-vienne_13831535/#refresh,"Arnac-la-Poste, 87, Haute-Vienne, Nouvelle-Aquitaine"
22/08/2020,Saint geours de maremne ,"-1.23621, 43.684421",,Landes,nouvelle aquitaine,Dax,"""appareil génital explosé"" et des ""plaies à l'entrée et une énorme à l'intérieur""","enquête ouverte, mais pas de plainte.  Une éleveuse remarque une dilatation anormale de la vulve d'une jument. La vétérinaire qui est intervenue n'a aucune certitude quant à une intervention humaine. ",0,1,0,,"Collègue du docteur Icéaga, mais ne veut pas parler...",05 58 97 52 00,Checknews,https://www.sudouest.fr/2020/09/02/on-n-en-dort-plus-la-nuit-une-autre-jument-victime-7800447-10417.php,"Saint-Geours-de-Maremne, 40, Landes, Nouvelle-Aquitaine"
28/08/2020,montfort en chalosse (brassempouy en réalité),"-0.838468, 43.707767",,Landes,nouvelle aquitaine,Dax,"témoignage propriétaire : « Ma jument de 18 ans avait des ‘‘pètes’’ partout. À l’intérieur des jambes, sur le ventre, sur le poitrail… » Pas de coups de couteau, mais des plaies qui saignent et d’énormes hématomes. « J’ai vu qu’elle avait du sang sous la queue. La vétérinaire m’a dit qu’un objet cylindrique lui avait été inséré dans la vulve. Comme elle ne trouvait pas d’autres explications, elle a conclu que c’était l’autre cheval qui avait dû lui faire cela, mais nous n’y croyons pas. »","enquête en cours ouverte par les gendarmes pour actes de cruauté envers animaux. Pénétration vaginale et annale. Plainte déposée. Le procureur Rodolphe Jarry : ""C'est compliqué d'être tout a fait affirmatif, ce qu'on peut dire, c'est que le second cheval est castré, ça ne peut pas être le fait d'une saillie de l'autre cheval."" Il a aussi une plaie sur le flanc mais là encore, difficile de conclure, cela peut avoir eu lieu avant ou après les faits.",0,1,0,,"Vétérinaire d'Amou/Arnou « On n’a pas retrouvé de plaie à l’arme blanche, comme c’est le cas dans les autres signalements en France. Des anti-inflammatoires et des antibiotiques ont été prescrits à la jument, mais les plaies sont plutôt compatibles avec une saillie du mâle. »",,Checknews,https://www.sudouest.fr/2020/09/02/on-n-en-dort-plus-la-nuit-une-autre-jument-victime-7800447-10417.php,"Montfort-en-Chalosse, 40, Landes, Nouvelle-Aquitaine"
28/08/2020,"brassempouy (même affaire que celle du dessus, c'est un doublon)","-0.697308, 43.631465",,Landes,Nouvelle Aquitaine,Dax, une jument victime d'actes de cruauté,Plainte déposée auprès des services de police,0,1,0,,?,,Checknews,https://france3-regions.francetvinfo.fr/nouvelle-aquitaine/landes/mutilation-chevaux-landes-plusieurs-cas-suspects-plainte-ete-deposee-1869158.html,"Brassempouy, 40, Landes, Nouvelle-Aquitaine"
25/08/2020,urcuit,"-1.331105, 43.501414",,Pyrénées-Atlantiques,nouvelle aquitaine,Bayonne,poney découvert avec plaie de 10 cm ,dépôt plainte du propriétaire à la gendarmerie de bayonne ,,,,,?,,ouest france,https://www.ouest-france.fr/nouvelle-aquitaine/urcuit-64990/un-poney-blesse-dans-les-pyrenees-atlantiques-un-acte-de-barbarie-soupconne-6950062,"Urcuit, 64, Pyrénées-Atlantiques, Nouvelle-Aquitaine"
27/08/2020,Pau ,"-0.368696, 43.294989",,Pyrénées-Atlantiques,Nouvelle Aquitaine,,"un poney des écuries Linagua, appelé Mikado, a été retrouvé avec une plaie à une cuisse provoquée par une arme blanche. Et jeudi matin, c’est une ponette baptisée Lulu, propriété du club de poneys de la ferme Saint-Joseph de Pau, qui a été lardée de coups de lame et aspergée de peinture rose, notamment sur le museau.","Les policiers, venue faire les premières constatations, remettent cet acte dans le contexte actuel d'agressions et tortures, parfois jusqu'à la mise à mort, d'équidés. Pour autant, les similitudes s'arrêtent là car, ailleurs, les animaux subissent en général une découpe d'une oreille ou des yeux ainsi que les parties génitales.",,,,,un vétérinaire est venu pour expertiser et soigner les blessures,,france 3 aquitaine ,https://france3-regions.francetvinfo.fr/nouvelle-aquitaine/pyrenees-atlantiques/pau/pau-encore-poney-retrouve-mutile-fondation-brigitte-bardot-se-porte-partie-civile-1867068.html,"Pau, 64, Pyrénées-Atlantiques, Nouvelle-Aquitaine"
22/06/2020,Basses,,,Vienne ,Nouvelle-Aquitaine,Poitiers,"Freddy Green, 5 ans, retrouvé mort, la carotide percée.",,,,,,,,,,
24/08/2020,Vouneuil sur Vienne,"0.530372, 46.719322",,Vienne ,Nouvelle-Aquitaine,Poitiers,Etalon retrouvé blessé/ Aucune précision.,,,,,,,,NUMERO DE TEL : https://www.facebook.com/groups/640296089362399/permalink/2390089074383083,,"Vouneuil-sur-Vienne, 86, Vienne, Nouvelle-Aquitaine"
02/09/2020,Garrevaques,"1.989167, 43.491983",,Tarn,occitanie,Castres,une jument grièvement blessée sous l'oeil," ""Nous avons procédé à des investigations dans le champ. Or aucun objet n'est susceptible d'avoir provoqué une telle blessure, explique-t-on à la gendarmerie de Castres. Ni même les autres chevaux qui ne sont pas ferrés. Il s'agit de blessures profondes de plusieurs centimètres de large située sous l'oeil"". Contactée par Checknews, la gendarmerie du Cahors déclare que l'enquête se poursuit et que la piste d'un acte malveillant est toujours suivie."" Parquet Castres à lancer. ",0,0,0,,?,,France 3 région https://france3-regions.francetvinfo.fr/occitanie/tarn/albi/tarn-enquete-ouverte-apres-mutilation-jument-garrevaques-1869848.html,,"Garrevaques, 81, Tarn, Occitanie"
18/07/2020,realville,"1.513377, 44.137128",,Tarn-et-Garonne,occitanie,,un âne albinos tondu par des inconnus et une petite entaille sous l'oeil ,dépôt de plainte du propriétaire ,,,,,?,,midi libre,https://www.midilibre.fr/2020/07/22/occitanie-qui-en-veut-a-lane-albinos-pompon-retrouve-dans-son-pre-tondu-8989975.php,"Réalville, 82, Tarn-et-Garonne, Occitanie"
14-15/01/2020,gragnague,,,Haute-Garonne,occitanie,,chevaux entravés avec des cordes ,,,,,,,,,,
05/06/2020,Ortaffa,"2.922167, 42.576182",,Pyrénées-Orientales,Occitanie,,Tentative de vol de chevaux avec cordes et noeud coulant. La jument libérée de sa corde restera avec un oedeme énorme.,,,,,,,,,,"Ortaffa, 66, Pyrénées-Orientales, Occitanie"
07/09/2020,Albias,"1.479806, 44.072204",,Tarn-et-Garonne,Occitanie ,Montauban ,,,,,,,,,,,"Albias, 82, Tarn-et-Garonne, Occitanie"
11/09/2020,Frouzins,,,Haute-Garonne,Occitanie,Toulouse,,,,,,,,,,,
09/09/2020,Belbèze-de-Lauragais,"1.555499, 43.437472",,Haute-Garonne,Occitanie,Toulouse,,,,,,,,,,,"Belbèze-de-Lauragais, 31, Haute-Garonne, Occitanie"
11/09/2020,Saiguède,,,Haute-Garonne,Occitanie,Toulouse,,,,,,,,,,,
05/09/2020,Saint-Etienne de Tulmont,"1.459722, 44.046924",,Tarn-et-Garonne,Occitanie,Montauban,,,,,,,,,,,"Saint-Étienne-de-Tulmont, 82, Tarn-et-Garonne, Occitanie"
12/09/2020,Narbonne,"3.034085, 43.172093",,Aude,Occitanie,Narbonne,,,,,,,,,,,"Narbonne, 11, Aude, Occitanie"
04/08/2020,,,,Tarn,Occitanie,,Cheval retrouvé avec un entaille longue et profonde sur le côté,,,,,,,,,,
02/09/2020,Couëron ,"-1.736102, 47.229657",,Loire-Atlantique,Pays de la Loire,Nantes,"Cheval retrouvé mutilé, blessures au niveau du postérieur, de la tête. Propriétaire parle de blessures au cutter. Le chval avait déjà été mitilé en aout. ",Enquête ouverte après constatation des faits par les gendarmes,,,,,Vétérinaire a constaté les coupures,,Ouest France,https://www.ouest-france.fr/pays-de-la-loire/loire-atlantique/loire-atlantique-un-cheval-a-ete-lacere-a-coueron-6957731,"Couëron, 44, Loire-Atlantique, Pays de la Loire"
10/09/2020,Saint-mars-du-Désert,"-1.40334, 47.35856",,Loire-Atlantique,Pays de la loire,Nantes,,,,,,,,,,,"Saint-Mars-du-Désert, 44, Loire-Atlantique, Pays de la Loire"
27/04/2020,Saint-Herblain,"-1.606205, 47.223488",,Loire-Atlantique,Pays de la Loire,Saint-Nazaire,Tentative de vol de chevaux au Poney-club du Houssay. Une jument a été retrouvée blessée au poitrail et aux jambes sur un parking à l’entrée du parc de la Chézine.,Plainte déposée auprès des services de police,,,,,Des soins vétérinaires ont été apportés à l'animal,,Ouest France,https://www.ouest-france.fr/pays-de-la-loire/saint-herblain-44800/saint-herblain-tentative-de-vols-de-chevaux-au-poney-club-de-la-houssay-6820106,"Saint-Herblain, 44, Loire-Atlantique, Pays de la Loire"
22/08/2020,Brecé,"-0.738872, 48.374231",,Mayenne,Pays de la Loire,Laval ,Jument retrouvée avec une plaie ouverte profonde au niveau du flanc.,"Plainte déposée auprès de la gendarmerie et une enquête est en cours, instruite par le parquet de Laval ",,,,,"Vétérinaire de Javron-les-Chapelles. ""une plaie si profonde et si nette, qui traverse le cuir et rentre dans l’abdomen, ce n’est pas un accident""",,Actu.fr / Ouest France,https://actu.fr/pays-de-la-loire/brece_53042/brece-une-jument-poignardee-dans-un-champ_35700000.html,"Brecé, 53, Mayenne, Pays de la Loire"
15/02/2020,Le Girouard,"-1.599936, 46.571995",,Vendée,Pays de la Loire,Les Sables d'Olonne,Cheval retrouvé mort avec oreille coupée.,Plainte et enquête. ,1,0,0,,Pas contacté,,Ouest France,https://www.ouest-france.fr/pays-de-la-loire/le-girouard-85150/le-girouard-un-cheval-de-course-retrouve-sans-vie-et-mutile-6740907,"Le Girouard, 85, Vendée, Pays de la Loire"
21/08/2020,Moncé-en-Belin,"0.194443, 47.90122",,Sarthe,Pays de la Loire,Le Mans,Veau mort et mutilé. L’animal présentait l’oreille droite coupée et des lacérations sur ses appareils génitaux,,,,,,,,Ouest France,"https://www.ouest-france.fr/pays-de-la-loire/le-mans-72000/monce-en-belin-un-veau-retrouve-mort-et-mutile-6946813#:~:text=Un%20veau%20mort%20et%20mutil%C3%A9,indique%20le%20parquet%20du%20Mans.","Moncé-en-Belin, 72, Sarthe, Pays de la Loire"
29/08/2020,Montreuil-Poulay,"-0.519561, 48.377158",,Mayenne,Pays de la Loire,Laval ,Un cheval retrouvé mort dans une pature/ Rien de plus.,,,,,,,,Journal de Montreuil,https://www.lejournaldemontreuil.fr/93431/article/2020-08-29/neuville-un-cheval-retrouve-mort-dans-une-pature,"Montreuil-Poulay, 53, Mayenne, Pays de la Loire"
25-26/08/2020,le pontet,"4.863581, 43.970226",,Vaucluse,Provence-Alpes-Côte d’Azur,,INTROUVABLE / tentative d'étranglement sur un cheval avec son licol ,déplacement gendarmerie car 3ème cas dans la région,,,,,?,,non recensé ,,"Le Pontet, 84, Vaucluse, Provence-Alpes-Côte d'Azur"
08/08/2020,Chateauvieux,"1.415745, 47.225319",,Hautes-Alpes,Provence-Alpes-Côte d’Azur,,Mule tuée par balle à bout portant entre les deux yeux,,,,,,?,,Ouest France,https://www.ouest-france.fr/provence-alpes-cote-dazur/gap-05000/gap-une-mule-a-ete-retrouvee-morte-tuee-d-une-balle-dans-la-tete-6934361,"Châteauvieux, 41, Loir-et-Cher, Centre-Val de Loire"
22-23/08/2020,Puyvert,"5.338506, 43.746619",,Vaucluse,Provence-Alpes-Côte d’Azur,Avignon,"Jument décédée : blessure à la tête puis éventrée, et sur le même terrain, poney à l'oreille ""explosée""","Enquête confiée à la brigade de Cadenet, contacter la compagnie de Pertuis pour info, pour l'instant rien de plus que ""l'enquête est en cours"". / Philippe Guémas, Procureur de la République,Tribunal judiciaire d'Avignon : ""Je vous confirme les dépôts de plainte que vous évoquez et qu’il s’agit d’agissements volontairement commis et non pas d’accidents. Pour le reste, je ne peux vous donner davantage d’éléments d’information, étant tenu par secret de l’enquête et de l’instruction"" à propos de Montfavet et Puyvert. Contact : 04.32.74.76.15 et pr.tj-avignon@justice.fr",1,0,0,,"Denis Chevé, 06 07 46 85 32, a été appelé deux jours après la découverte du corps de la jument, pour soigner l'oreille du poney, dont la blessure était d'abord passé inaperçue. Il considère l'histoire des proprio ""cohérente"" et les blessures ""intentionnelles"". Jument éventrée : ""impossible que ce soit un accident sinon elle aurait marché dans ses intestins sur plusieurs mètres, là elle a été assomée, blessée à la tête, puis éventrée au sol donc main humaine"". Poney : ""blessure sur toute la longueur de l'oreille, plutôt explosée avec un gourdin que propre avec un couteau"" ",,Checknews,https://www.francebleu.fr/infos/faits-divers-justice/une-jument-retrouvee-eventree-a-puyvert-dans-le-luberon-un-poney-mutile-1598543503,"Puyvert, 84, Vaucluse, Provence-Alpes-Côte d'Azur"
16-17/05/2020,Montfavet (Avignon),,,Vaucluse,Provence-Alpes-Côte d’Azur,Avignon,Cheval retrouvé avec une entaille de 10 centimètres de profondeur sur la cuisse gauche.,"Plainte déposée à la gendarmerie de Montfavet. Contactée, la gendarmerie refuse de donner la moindre info. Philippe Guémas, Procureur de la République,Tribunal judiciaire d'Avignon : ""Je vous confirme les dépôts de plainte que vous évoquez et qu’il s’agit d’agissements volontairement commis et non pas d’accidents. Pour le reste, je ne peux vous donner davantage d’éléments d’information, étant tenu par secret de l’enquête et de l’instruction"" à propos de Montfavet et Puyvert",0,0,0,,"Nathalie Ganem, Clinique de Bompas, 04 32 61 14 01, message vocal laissé lundi 14","Propriétaire : Olivier Garcia, 06 08 34 03 46, a porté plainte à la gendarmerie de Montfavet, n'a plus eu de nouvelles depuis. Il ne croit pas à la thèse du fou ou du rite sataniste mais accuse plutôt les vétéritaines ou les assurances, ""ceux à qui cela peut profiter financièrement"" et voit ces attaques comme ""des pressions pour pousser les propriétaires à souscrire à des assurances"".",Checknews,https://france3-regions.francetvinfo.fr/provence-alpes-cote-d-azur/vaucluse/avignon/avignon-cheval-artiste-dresseur-olivier-garcia-gravement-blesse-au-couteau-son-pre-1830396.html,
29/08/2020,Istres,"4.990128, 43.512319",,Bouches-du-Rhônes,Provence-Alpes-Côte d’Azur,Aix-en-Provence,Cheval retrouvé avec oreille tailladée sur 8 centimètres.,"Le commissariat d'Istres est chargé de l'enquête suite à une plainte déposée à Istres. Emmanuel Merlin, Vice-Procureur d'Aix-en-Provence : ""on reste prudents mais vu la forme de l'entaille, on privilégie la piste de la blessure intentionelle"", standard ",1,0,0,,,,Checknews,https://www.20minutes.fr/societe/2849847-20200830-bouches-rhone-cheval-decouvert-oreille-entaillee-huit-centimetres,"Istres, 13, Bouches-du-Rhône, Provence-Alpes-Côte d'Azur"
02/09/2020,Carqueiranne,"6.072296, 43.096909",,Var,Provence-Alpes-Côte d’Azur,Toulon,Poney avec lacérations au niveau des membres postérieurs et oreille abîmée.,"Enquête pour ""acte de cruauté envers un animal domestique - TJ Toulon 04 94 09 60 00 ",,,,,Camille Santacruz,Eve Aurat,F3 régions,https://france3-regions.francetvinfo.fr/provence-alpes-cote-d-azur/var/hyeres/poney-mutile-carqueiranne-var-enquete-est-cours-1869652.html,"Carqueiranne, 83, Var, Provence-Alpes-Côte d'Azur"
06/09/2020,La Garde,"6.01454, 43.128491",,Var,Provence-Alpes-Côte d’Azur,Toulon,"Cheval retrouvé avec des plaies dans la zone rectale, selon propritaire",Enquête confiée sureté dép de Toulon,,,,,,,Var matin,https://www.varmatin.com/faits-divers/un-cheval-victime-de-sevices-a-la-garde-la-surete-departementale-saisie-568127,"La Garde, 83, Var, Provence-Alpes-Côte d'Azur"