countriesAndTerritories,geoId,countryterritoryCode,popData2018,continentExp,deaths,gdp,Espérance de vie,Décès pour 100 000 habitants,deaths_on_lockdown
Afghanistan,AF,AFG,37172386.0,Asia,178,520.9,,,
Albania,AL,ALB,2866376.0,Europe,31,5268.8,,,
Algeria,DZ,DZA,42228429.0,Africa,561,4114.7,,,
Andorra,AD,AND,77006.0,Europe,51,42029.8,,,
Angola,AO,AGO,30809762.0,Africa,2,3432.4,,,
Antigua_and_Barbuda,AG,ATG,96286.0,America,3,16727.0,,,
Argentina,AR,ARG,44494502.0,America,393,11683.9,,,3.0
Armenia,AM,ARM,2951776.0,Europe,64,4212.1,,,
Aruba,AW,ABW,105845.0,America,3,,,,
Australia,AU,AUS,24992369.0,Oceania,99,57373.7,82.6,145.0,
Austria,AT,AUT,8847037.0,Europe,632,51462.0,81.7,175.0,8.0
Azerbaijan,AZ,AZE,9942334.0,Europe,41,4721.2,,,
Bahamas,BS,BHS,385640.0,America,11,32217.9,,,
Bahrain,BH,BHR,1569439.0,Asia,12,24050.8,,,
Bangladesh,BD,BGD,161356039.0,Asia,370,1698.3,,,
Barbados,BB,BRB,286641.0,America,7,17949.3,,,
Belarus,BY,BLR,9485386.0,Europe,175,6289.9,,,
Belgium,BE,BEL,11422068.0,Europe,9108,47518.6,81.6,172.0,14.0
Belize,BZ,BLZ,383071.0,America,2,4884.7,,,
Benin,BJ,BEN,11485048.0,Africa,2,901.5,,,
Bermuda,BM,BMU,63968.0,America,9,,,,
Bhutan,BT,BTN,754394.0,Asia,0,3243.2,,,
Bolivia,BO,BOL,11353142.0,America,189,3548.6,,,0.0
Bosnia_and_Herzegovina,BA,BIH,3323929.0,Europe,133,6065.7,,,
Botswana,BW,BWA,2254126.0,Africa,1,8258.6,,,1.0
Brazil,BR,BRA,209469333.0,America,17408,8920.8,,,
British_Virgin_Islands,VG,VGB,29802.0,America,1,,,,
Brunei_Darussalam,BN,BRN,428962.0,Asia,1,31628.3,,,
Bulgaria,BG,BGR,7024216.0,Europe,116,9272.6,,,3.0
Burkina_Faso,BF,BFA,19751535.0,Africa,52,715.1,,,
Burundi,BI,BDI,11175378.0,Africa,1,271.8,,,
Cambodia,KH,KHM,16249798.0,Asia,0,1510.3,,,
Cameroon,CM,CMR,25216237.0,Africa,140,1533.7,,,
Canada,CA,CAN,37058856.0,America,5912,46233.0,82.0,176.0,
Cape_Verde,CV,CPV,543767.0,Africa,3,3635.4,,,
Cayman_Islands,KY,CYM,64174.0,America,1,,,,
Central_African_Republic,CF,CAF,4666377.0,Africa,0,475.7,,,
Chad,TD,TCD,15477751.0,Africa,56,728.3,,,
Chile,CL,CHL,18729160.0,America,509,15923.4,80.2,206.0,
China,CN,CHN,1392730000.0,Asia,4638,9770.8,,,
Colombia,CO,COL,49648685.0,America,613,6667.8,,,3.0
Comoros,KM,COM,832322.0,Africa,1,1415.3,,,
Congo,CG,COG,5244363.0,Africa,15,2147.8,,,
Costa_Rica,CR,CRI,4999441.0,America,10,12027.4,,,
Cote_dIvoire,CI,CIV,25069229.0,Africa,28,1715.5,,,
Croatia,HR,HRV,4089400.0,Europe,96,14909.7,,,
Cuba,CU,CUB,11338138.0,America,79,8821.8,,,
Curaçao,CW,CUW,159849.0,America,1,19567.9,,,
Cyprus,CY,CYP,1189265.0,Europe,17,28689.7,,,
Czechia,CZ,CZE,10625695.0,Europe,302,23078.6,79.1,245.0,0.0
Democratic_Republic_of_the_Congo,CD,COD,84068091.0,Africa,61,561.8,,,
Denmark,DK,DNK,5797446.0,Europe,551,61350.3,81.2,184.0,0.0
Djibouti,DJ,DJI,958920.0,Africa,7,3082.5,,,0.0
Dominica,DM,DMA,71625.0,America,0,7691.3,,,
Dominican_Republic,DO,DOM,10627165.0,America,441,8050.6,,,
Ecuador,EC,ECU,17084357.0,America,2839,6344.9,,,2.0
Egypt,EG,EGY,98423595.0,Africa,659,2549.1,,,
El_Salvador,SV,SLV,6420744.0,America,31,4058.3,,,0.0
Equatorial_Guinea,GQ,GNQ,1308974.0,Africa,7,10261.8,,,
Estonia,EE,EST,1320884.0,Europe,64,23266.3,78.2,297.0,0.0
Eswatini,SZ,SWZ,1367000.0,Africa,2,4146.0,,,
Ethiopia,ET,ETH,109224559.0,Africa,5,772.3,,,
Faroe_Islands,FO,FRO,48497.0,Europe,0,,,,
Fiji,FJ,FJI,883483.0,Oceania,0,6267.0,,,
Finland,FI,FIN,5518050.0,Europe,301,50152.3,81.7,184.0,4.0
France,FR,FRA,66987244.0,Europe,28022,41463.6,82.6,154.0,148.0
French_Polynesia,PF,PYF,277679.0,Oceania,0,,,,
Gabon,GA,GAB,2119275.0,Africa,12,7952.5,,,
Gambia,GM,GMB,2280102.0,Africa,1,716.1,,,
Georgia,GE,GEO,3731000.0,Europe,12,4717.1,,,0.0
Germany,DE,DEU,82927922.0,Europe,8090,47603.0,81.1,186.0,43.0
Ghana,GH,GHA,29767108.0,Africa,31,2202.3,,,
Gibraltar,GI,GIB,33718.0,Europe,0,,,,
Greece,EL,GRC,10727668.0,Europe,165,20324.3,81.4,187.0,15.0
Greenland,GL,GRL,56025.0,America,0,,,,
Grenada,GD,GRD,111454.0,America,0,10640.5,,,
Guam,GU,GUM,165768.0,Oceania,5,35712.6,,,
Guatemala,GT,GTM,17247807.0,America,43,4549.0,,,
Guernsey,GG,GGY,63026.0,Europe,13,,,,
Guinea,GN,GIN,12414318.0,Africa,18,878.6,,,
Guinea_Bissau,GW,GNB,1874309.0,Africa,6,778.0,,,
Guyana,GY,GUY,779004.0,America,10,4979.0,,,1.0
Haiti,HT,HTI,11123176.0,America,22,868.3,,,
Holy_See,VA,VAT,1000.0,Europe,0,,,,
Honduras,HN,HND,9587522.0,America,147,2500.1,,,0.0
Hungary,HU,HUN,9768785.0,Europe,470,16162.0,75.9,388.0,1.0
Iceland,IS,ISL,353574.0,Europe,10,73191.1,82.7,140.0,0.0
India,IN,IND,1352617328.0,Asia,3303,2010.0,,,9.0
Indonesia,ID,IDN,267663435.0,Asia,1221,3893.6,,,
Iran,IR,IRN,81800269.0,Asia,7119,,,,
Iraq,IQ,IRQ,38433600.0,Asia,131,5834.2,,,
Ireland,IE,IRL,4853506.0,Europe,1561,78806.4,82.2,172.0,22.0
Isle_of_Man,IM,IMN,84077.0,Europe,24,,,,
Israel,IL,ISR,8883800.0,Asia,277,41715.0,82.6,134.0,
Italy,IT,ITA,60431283.0,Europe,32169,34483.2,83.0,143.0,464.0
Jamaica,JM,JAM,2934855.0,America,9,5354.2,,,
Japan,JP,JPN,126529100.0,Asia,771,39290.0,84.2,138.0,
Jersey,JE,JEY,106800.0,Europe,28,,,,
Jordan,JO,JOR,9956011.0,Asia,9,4241.8,,,0.0
Kazakhstan,KZ,KAZ,18276499.0,Asia,35,9812.6,,,
Kenya,KE,KEN,51393010.0,Africa,50,1710.5,,,
Kosovo,XK,XKX,1845300.0,Europe,29,4302.3,,,
Kuwait,KW,KWT,4137309.0,Asia,121,33994.4,,,
Kyrgyzstan,KG,KGZ,6315800.0,Asia,14,1281.4,,,
Laos,LA,LAO,7061507.0,Asia,0,2542.5,,,
Latvia,LV,LVA,1926542.0,Europe,21,17860.6,74.8,426.0,0.0
Lebanon,LB,LBN,6848925.0,Asia,26,8269.8,,,3.0
Liberia,LR,LBR,4818977.0,Africa,23,677.3,,,
Libya,LY,LBY,6678567.0,Africa,3,7241.7,,,
Liechtenstein,LI,LIE,37910.0,Europe,1,,,,
Lithuania,LT,LTU,2789533.0,Europe,60,19153.4,75.6,385.0,0.0
Luxembourg,LU,LUX,607728.0,Europe,109,116639.9,82.2,152.0,8.0
Madagascar,MG,MDG,26262368.0,Africa,2,527.5,,,0.0
Malawi,MW,MWI,18143315.0,Africa,3,389.4,,,
Malaysia,MY,MYS,31528585.0,Asia,114,11373.2,,,2.0
Maldives,MV,MDV,515696.0,Asia,4,10330.6,,,
Mali,ML,MLI,19077690.0,Africa,53,899.7,,,
Malta,MT,MLT,483530.0,Europe,6,30098.3,,,
Mauritania,MR,MRT,4403319.0,Africa,4,1188.8,,,
Mauritius,MU,MUS,1265303.0,Africa,10,11238.7,,,
Mexico,MX,MEX,126190788.0,America,5666,9673.4,75.4,367.0,
Moldova,MD,MDA,3545883.0,Europe,221,3227.3,,,
Monaco,MC,MCO,38682.0,Europe,5,185741.3,,,
Mongolia,MN,MNG,3170208.0,Asia,0,4121.7,,,
Montenegro,ME,MNE,622345.0,Europe,9,8844.2,,,
Montserrat,MS,MSR,5900.0,America,1,,,,
Morocco,MA,MAR,36029138.0,Africa,193,3222.2,,,2.0
Mozambique,MZ,MOZ,29495962.0,Africa,0,499.0,,,
Myanmar,MM,MMR,53708395.0,Asia,6,1326.0,,,
Nepal,NP,NPL,28087871.0,Asia,2,1033.9,,,0.0
Netherlands,NL,NLD,17231017.0,Europe,5715,53024.1,81.8,153.0,213.0
New_Caledonia,NC,NCL,284060.0,Oceania,0,,,,0.0
New_Zealand,NZ,NZL,4885500.0,Oceania,21,41945.3,81.9,178.0,0.0
Nicaragua,NI,NIC,6465513.0,America,8,2028.9,,,
Niger,NE,NER,22442948.0,Africa,55,414.0,,,
Nigeria,NG,NGA,195874740.0,Africa,192,2028.2,,,
North_Macedonia,MK,MKD,2082958.0,Europe,106,6083.7,,,
Northern_Mariana_Islands,MP,MNP,56882.0,Oceania,2,23258.7,,,
Norway,NO,NOR,5314336.0,Europe,233,81697.2,82.7,145.0,0.0
Oman,OM,OMN,4829483.0,Asia,27,16415.2,,,
Pakistan,PK,PAK,212215030.0,Asia,985,1482.4,,,
Palestine,PS,PSE,4569087.0,Asia,4,3198.9,,,
Panama,PA,PAN,4176873.0,America,281,15575.1,,,6.0
Papua_New_Guinea,PG,PNG,8606316.0,Oceania,0,2730.3,,,
Paraguay,PY,PRY,6956071.0,America,11,5821.8,,,0.0
Peru,PE,PER,31989256.0,America,2914,6941.2,,,0.0
Philippines,PH,PHL,106651922.0,Asia,837,3102.7,,,
Poland,PL,POL,37978548.0,Europe,948,15420.9,77.9,268.0,0.0
Portugal,PT,PRT,10281762.0,Europe,1247,23407.9,81.5,180.0,1.0
Puerto_Rico,PR,PRI,3195153.0,America,124,31651.3,,,
Qatar,QA,QAT,2781677.0,Asia,15,68793.8,,,
Romania,RO,ROU,19473936.0,Europe,1126,12301.2,,,
Russia,RU,RUS,144478050.0,Europe,2837,11288.9,,,
Rwanda,RW,RWA,12301939.0,Africa,0,772.9,,,0.0
Saint_Kitts_and_Nevis,KN,KNA,52441.0,America,0,19275.4,,,
Saint_Lucia,LC,LCA,181889.0,America,0,10566.0,,,
Saint_Vincent_and_the_Grenadines,VC,VCT,110210.0,America,0,7361.4,,,
San_Marino,SM,SMR,33785.0,Europe,41,,,,
Sao_Tome_and_Principe,ST,STP,211028.0,Africa,8,2001.1,,,
Saudi_Arabia,SA,SAU,33699947.0,Asia,329,23339.0,,,
Senegal,SN,SEN,15854360.0,Africa,30,1522.0,,,
Serbia,RS,SRB,6982084.0,Europe,234,7246.7,,,
Seychelles,SC,SYC,96762.0,Africa,0,16433.9,,,
Sierra_Leone,SL,SLE,7650154.0,Africa,33,534.0,,,0.0
Singapore,SG,SGP,5638676.0,Asia,22,64581.9,,,
Sint_Maarten,SX,SXM,41486.0,America,15,,,,
Slovakia,SK,SVK,5447011.0,Europe,28,19442.7,77.3,323.0,0.0
Slovenia,SI,SVN,2067372.0,Europe,104,26124.0,81.1,210.0,0.0
Somalia,SO,SOM,15008154.0,Africa,59,314.5,,,
South_Africa,ZA,ZAF,57779622.0,Africa,312,6374.0,,,0.0
South_Korea,KR,KOR,51635256.0,Asia,263,31362.8,82.7,159.0,
South_Sudan,SS,SSD,10975920.0,Africa,6,,,,
Spain,ES,ESP,46723749.0,Europe,27778,30370.9,83.4,146.0,121.0
Sri_Lanka,LK,LKA,21670000.0,Asia,9,4102.5,,,
Sudan,SD,SDN,41801533.0,Africa,105,977.3,,,
Suriname,SR,SUR,575991.0,America,1,6234.0,,,
Sweden,SE,SWE,10183175.0,Europe,3743,54608.4,82.5,144.0,500.0
Switzerland,CH,CHE,8516543.0,Europe,1613,82796.5,83.6,125.0,19.0
Syria,SY,SYR,16906283.0,Asia,3,,,,
Taiwan,TW,TWN,23780452.0,Asia,7,,,,
Tajikistan,TJ,TJK,9100837.0,Asia,41,826.6,,,
Thailand,TH,THA,69428524.0,Asia,56,7273.6,,,
Timor_Leste,TL,TLS,1267972.0,Asia,0,2035.5,,,
Togo,TG,TGO,7889094.0,Africa,12,679.3,,,
Trinidad_and_Tobago,TT,TTO,1389858.0,America,8,17129.9,,,
Tunisia,TN,TUN,11565204.0,Africa,47,3447.5,,,1.0
Turkey,TR,TUR,82319724.0,Asia,4199,9370.2,78.1,257.0,
Turks_and_Caicos_islands,TC,TCA,31458.0,America,1,27142.2,,,
Uganda,UG,UGA,42723139.0,Africa,0,642.8,,,
Ukraine,UA,UKR,44622516.0,Europe,548,3095.2,,,0.0
United_Arab_Emirates,AE,ARE,9630959.0,Asia,227,43005.0,,,
United_Kingdom,UK,GBR,66488991.0,Europe,35341,42943.9,81.3,189.0,359.0
United_Republic_of_Tanzania,TZ,TZA,56318348.0,Africa,21,1061.0,,,
United_States_Virgin_Islands,VI,VIR,106977.0,America,6,,,,
United_States_of_America,US,USA,327167434.0,America,91921,62794.6,78.6,262.0,
Uruguay,UY,URY,3449299.0,America,20,17278.0,,,
Uzbekistan,UZ,UZB,32955400.0,Asia,13,1532.4,,,
Venezuela,VE,VEN,28870195.0,America,10,,,,0.0
Vietnam,VN,VNM,95540395.0,Asia,0,2566.6,,,
Yemen,YE,YEM,28498687.0,Asia,28,944.4,,,
Zambia,ZM,ZMB,17351822.0,Africa,7,1539.9,,,
Zimbabwe,ZW,ZWE,14439018.0,Africa,4,2147.0,,,1.0
